Date,Nifty Auto,Nifty FMCG,Nifty IT,Nifty Metal,Nifty Pharma,Nifty Bank,Nifty 50
2021-08-05,10224.900390625,36701.44921875,31211.19921875,5834.39990234375,14579.849609375,35834.33203125,16294.599609375
2021-08-06,10249.5,36669.80078125,31303.30078125,5841.35009765625,14517.5,35808.83203125,16238.2001953125
2021-08-09,10239.0,36691.8984375,31441.0,5732.0,14533.4501953125,36028.53125,16258.25
2021-08-10,10158.75,36537.25,31713.400390625,5573.2998046875,14502.900390625,36033.68359375,16280.099609375
2021-08-11,10140.400390625,36425.8515625,31670.0,5748.2998046875,14291.150390625,35805.98046875,16282.25
2021-08-12,10180.5498046875,36521.8515625,32245.099609375,5769.25,14133.0498046875,35936.6328125,16364.400390625
2021-08-13,10178.2998046875,36842.05078125,32678.80078125,5799.2998046875,14049.0498046875,36168.9296875,16529.099609375
2021-08-16,10088.7998046875,36954.25,32577.94921875,5884.89990234375,13965.400390625,36094.08203125,16563.05078125
2021-08-17,10088.2998046875,37478.55078125,33414.75,5749.39990234375,14041.25,35867.03125,16614.599609375
2021-08-18,10067.9501953125,37738.30078125,33448.8984375,5702.60009765625,14071.349609375,35554.0859375,16568.849609375
2021-08-20,9904.7001953125,38596.05078125,33351.3515625,5335.9501953125,13711.150390625,35033.4453125,16450.5
2021-08-23,9759.150390625,38489.5,33919.80078125,5291.25,13700.599609375,35123.98828125,16496.44921875
2021-08-24,9832.7998046875,38232.80078125,33838.3984375,5444.7998046875,13876.0498046875,35711.6875,16624.599609375
2021-08-25,9808.650390625,38448.1015625,34083.94921875,5474.0498046875,13830.5,35585.8359375,16634.650390625
2021-08-26,9763.099609375,38670.69921875,34041.1015625,5404.7001953125,13758.599609375,35617.13671875,16636.900390625
2021-08-27,9793.849609375,38819.5,34309.80078125,5492.7001953125,13948.7001953125,35627.38671875,16705.19921875
2021-08-30,9957.900390625,39150.19921875,34109.25,5628.10009765625,14222.5,36347.2265625,16931.05078125
2021-08-31,10034.4501953125,39529.69921875,34570.25,5714.60009765625,14344.75,36424.1796875,17132.19921875
2021-09-01,10043.900390625,39644.69921875,34110.5,5612.4501953125,14319.849609375,36573.875,17076.25
2021-09-02,10022.4501953125,40296.3984375,34680.30078125,5653.2998046875,14458.5,36830.87109375,17234.150390625
2021-09-03,10124.75,40226.25,34891.19921875,5719.35009765625,14485.650390625,36760.72265625,17323.599609375
2021-09-06,10167.25,40169.05078125,35415.1015625,5742.7001953125,14481.5498046875,36591.92578125,17377.80078125
2021-09-07,10152.7001953125,40289.8515625,34951.30078125,5708.35009765625,14387.349609375,36468.375,17362.099609375
2021-09-08,10100.400390625,40263.44921875,34678.19921875,5720.75,14349.4501953125,36767.7734375,17353.5
2021-09-09,10112.599609375,40577.94921875,34802.30078125,5765.14990234375,14329.849609375,36682.7734375,17369.25
2021-09-13,10120.150390625,40592.3515625,35129.6015625,5839.2998046875,14377.0498046875,36471.375,17355.30078125
2021-09-14,10209.599609375,40469.55078125,35431.5,5810.35009765625,14410.9501953125,36612.625,17380.0
2021-09-15,10297.0,40504.5,36075.19921875,5859.0498046875,14487.900390625,36851.8203125,17519.44921875
2021-09-16,10351.4501953125,41007.6015625,35852.44921875,5822.5,14491.349609375,37668.1640625,17629.5
2021-09-17,10351.4501953125,40798.8984375,35646.5,5683.85009765625,14355.150390625,37811.5078125,17585.150390625
2021-09-20,10202.650390625,41169.69921875,35400.05078125,5309.0,14097.25,37145.265625,17396.900390625
2021-09-21,10155.9501953125,41619.94921875,36086.05078125,5444.4501953125,14278.9501953125,37235.41796875,17562.0
2021-09-22,10284.599609375,41507.25,36422.44921875,5524.64990234375,14334.25,36944.21875,17546.650390625
2021-09-23,10372.9501953125,41548.80078125,36816.8984375,5616.0498046875,14380.5,37771.26171875,17822.94921875
2021-09-24,10429.0498046875,41090.8984375,37103.25,5498.2001953125,14289.150390625,37829.859375,17853.19921875
2021-09-27,10765.150390625,40720.6015625,36034.3984375,5504.4501953125,14156.7001953125,38170.8046875,17855.099609375
2021-09-28,10695.9501953125,40682.94921875,35239.94921875,5534.60009765625,14171.599609375,37944.55859375,17748.599609375
2021-09-29,10655.5,40472.1484375,35282.6484375,5661.25,14404.9501953125,37742.5625,17711.30078125
2021-09-30,10598.4501953125,40426.55078125,35028.0,5611.25,14466.5,37424.66796875,17618.150390625
2021-10-01,10596.9501953125,40399.0,34780.6015625,5638.7998046875,14587.650390625,37225.46484375,17532.05078125
2021-10-04,10641.150390625,40445.44921875,35126.1484375,5807.35009765625,14812.400390625,37579.2109375,17691.25
2021-10-05,10692.0,40427.5,35544.30078125,5800.2998046875,14738.25,37740.5625,17822.30078125
2021-10-06,10567.5498046875,40167.44921875,35075.80078125,5627.35009765625,14461.9501953125,37521.11328125,17646.0
2021-10-07,11031.7998046875,40226.3984375,35703.8515625,5659.9501953125,14562.2001953125,37752.76171875,17790.349609375
2021-10-08,11079.349609375,39993.3515625,36402.0,5681.4501953125,14514.7998046875,37774.8125,17895.19921875
2021-10-11,11375.5498046875,40318.05078125,35179.94921875,5766.39990234375,14615.349609375,38293.35546875,17945.94921875
2021-10-12,11476.099609375,40808.75,34869.75,5829.35009765625,14629.2001953125,38521.05078125,17991.94921875
2021-10-13,11870.0,41149.3984375,35285.6015625,5914.64990234375,14679.400390625,38635.30078125,18161.75
2021-10-14,11800.2998046875,41377.19921875,35744.8515625,6019.2001953125,14728.650390625,39340.44140625,18338.55078125
2021-10-18,11814.7998046875,41564.1484375,36306.3515625,6253.10009765625,14598.2001953125,39684.33984375,18477.05078125
2021-10-19,11626.849609375,40237.30078125,37106.3515625,6099.35009765625,14384.349609375,39540.0390625,18418.75
2021-10-20,11493.2998046875,39696.3515625,36846.80078125,5974.0,14177.349609375,39517.73828125,18266.599609375
2021-10-21,11557.400390625,39354.44921875,35913.6015625,5868.39990234375,14169.9501953125,40029.734375,18178.099609375
2021-10-22,11433.9501953125,38874.80078125,35394.6484375,5690.10009765625,13949.650390625,40323.1796875,18114.900390625
2021-10-25,11228.2001953125,38491.0,35005.3984375,5679.64990234375,13943.849609375,41191.91796875,18125.400390625
2021-10-26,11452.25,38826.8515625,35162.3515625,5830.64990234375,13970.650390625,41237.8203125,18268.400390625
2021-10-27,11395.150390625,38946.1015625,35503.8984375,5741.89990234375,14094.25,40873.875,18210.94921875
2021-10-28,11260.900390625,38208.55078125,34913.6015625,5544.5498046875,13780.599609375,39508.48828125,17857.25
2021-10-29,11297.4501953125,38222.1015625,34408.75,5563.39990234375,13879.349609375,39115.1484375,17671.650390625
2021-11-01,11421.0,38663.6484375,35290.0,5733.75,14049.4501953125,39763.2890625,17929.650390625
2021-11-02,11521.25,38616.19921875,35177.3515625,5643.14990234375,13993.2001953125,39937.984375,17888.94921875
2021-11-03,11401.2001953125,38370.1015625,35177.1015625,5695.4501953125,13888.2998046875,39401.59375,17829.19921875
2021-11-04,11569.7998046875,38710.1015625,35334.25,5697.9501953125,13948.2001953125,39573.23828125,17916.80078125
2021-11-08,11645.75,39094.75,35782.3515625,5780.4501953125,13851.25,39437.79296875,18068.55078125
2021-11-09,11766.25,38964.25,35815.1015625,5761.60009765625,13878.7001953125,39368.34375,18044.25
2021-11-10,11829.150390625,38917.3515625,35722.94921875,5660.4501953125,13911.2998046875,39022.796875,18017.19921875
2021-11-11,11690.150390625,38542.55078125,35583.6484375,5681.0,13717.7998046875,38559.75,17873.599609375
2021-11-12,11706.5,38912.75,36332.30078125,5728.7001953125,13774.650390625,38732.90234375,18102.75
2021-11-15,11687.650390625,39278.30078125,36465.30078125,5624.2998046875,13974.349609375,38701.90234375,18109.44921875
2021-11-16,11977.2998046875,39014.6484375,36643.8984375,5586.35009765625,13798.7998046875,38306.65625,17999.19921875
2021-11-17,12061.7998046875,39013.44921875,36660.8984375,5568.10009765625,13621.900390625,38041.109375,17898.650390625
2021-11-18,11747.4501953125,38866.5,36007.0,5423.89990234375,13481.400390625,37975.80859375,17764.80078125
2021-11-22,11379.75,38351.6484375,35478.94921875,5421.60009765625,13245.349609375,37128.37109375,17416.55078125
2021-11-23,11455.7001953125,38560.1015625,35504.3984375,5600.39990234375,13489.9501953125,37272.3671875,17503.349609375
2021-11-24,11308.849609375,38178.19921875,34966.25,5602.60009765625,13408.099609375,37441.515625,17415.05078125
2021-11-25,11247.75,38259.75,35300.25,5624.0,13566.5,37364.31640625,17536.25
2021-11-26,10759.599609375,37547.1484375,34606.1484375,5323.75,13797.099609375,36025.08203125,17026.44921875
2021-11-29,10704.150390625,37324.8515625,34870.75,5304.7001953125,13648.7998046875,35976.03125,17053.94921875
2021-11-30,10603.5498046875,37386.94921875,35043.75,5201.7001953125,13662.7998046875,35694.88671875,16983.19921875
2021-12-01,10758.150390625,37457.8515625,35429.0,5322.2001953125,13442.099609375,36364.4765625,17166.900390625
2021-12-02,10873.150390625,37892.6015625,36157.8515625,5405.0498046875,13557.0,36507.82421875,17401.650390625
2021-12-03,10788.75,37498.1015625,35848.05078125,5392.39990234375,13443.849609375,36196.7265625,17196.69921875
2021-12-06,10589.7998046875,36821.8515625,34879.3984375,5327.89990234375,13192.25,35735.484375,16912.25
2021-12-07,10759.0,37175.8515625,35272.30078125,5494.4501953125,13234.349609375,36617.97265625,17176.69921875
2021-12-08,11007.7001953125,37659.94921875,35959.05078125,5594.89990234375,13433.849609375,37284.265625,17469.75
2021-12-09,11058.75,38201.6484375,35946.3515625,5629.7998046875,13449.400390625,37082.01953125,17516.849609375
2021-12-10,11080.0498046875,38189.55078125,35939.6015625,5658.89990234375,13446.099609375,37105.21875,17511.30078125
2021-12-13,11047.150390625,37823.55078125,36050.55078125,5642.7998046875,13432.900390625,36924.8203125,17368.25
2021-12-14,10972.150390625,37642.6015625,36102.55078125,5666.7998046875,13575.900390625,36893.51953125,17324.900390625
2021-12-15,11026.0,37424.6484375,35737.19921875,5604.10009765625,13512.0498046875,36789.125,17221.400390625
2021-12-16,10945.75,37244.3515625,36160.30078125,5597.14990234375,13393.650390625,36548.22265625,17248.400390625
2021-12-17,10678.650390625,36438.0,36647.8984375,5476.7998046875,13230.7001953125,35618.234375,16985.19921875
2021-12-20,10405.2998046875,36084.6484375,35916.44921875,5269.60009765625,13184.4501953125,34439.453125,16614.19921875
2021-12-21,10483.900390625,36336.80078125,36627.1484375,5424.60009765625,13282.849609375,34607.44921875,16770.849609375
2021-12-22,10652.5498046875,36505.55078125,36989.1484375,5521.10009765625,13547.7001953125,35029.09375,16955.44921875
2021-12-23,10731.0498046875,36995.1015625,37362.8515625,5519.89990234375,13644.5,35190.73828125,17072.599609375
2021-12-24,10620.75,36913.75,37727.80078125,5492.7001953125,13491.25,34856.64453125,17003.75
2021-12-27,10641.650390625,36883.3984375,37988.5,5489.4501953125,13710.150390625,35057.4921875,17086.25
2021-12-28,10783.849609375,37162.69921875,38357.80078125,5538.7001953125,13836.150390625,35183.390625,17233.25
2021-12-29,10829.5498046875,37028.69921875,38274.6484375,5480.5498046875,14072.900390625,35044.9921875,17213.599609375
2021-12-30,10755.650390625,37075.6484375,38658.80078125,5416.64990234375,14135.5,35063.1953125,17203.94921875
2021-12-31,10936.900390625,37579.94921875,38701.05078125,5521.75,14223.0,35481.28515625,17354.05078125
2022-01-03,11114.5498046875,37606.05078125,39123.80078125,5628.10009765625,14156.400390625,36421.4765625,17625.69921875
2022-01-04,11139.400390625,37800.3515625,39370.69921875,5606.85009765625,14040.650390625,36839.71875,17805.25
2022-01-05,11256.849609375,37910.94921875,38609.1484375,5684.14990234375,13999.849609375,37695.4609375,17925.25
2022-01-06,11316.599609375,37622.5,38009.0,5656.0,13912.25,37489.8125,17745.900390625
2022-01-07,11290.900390625,37864.44921875,38139.8515625,5684.85009765625,13857.9501953125,37739.1640625,17812.69921875
2022-01-10,11501.7001953125,37984.05078125,38212.19921875,5718.7998046875,13858.9501953125,38347.453125,18003.30078125
2022-01-11,11479.7001953125,37849.8984375,38605.44921875,5610.35009765625,13854.25,38441.75390625,18055.75
2022-01-12,11645.900390625,37992.94921875,38604.75,5685.0,13833.7001953125,38727.1015625,18212.349609375
2022-01-13,11686.150390625,38087.25,38607.0,5882.75,14051.150390625,38469.50390625,18257.80078125
2022-01-14,11643.0498046875,37816.0,38826.8515625,5871.39990234375,13964.150390625,38369.953125,18255.75
2022-01-17,11881.25,37988.8984375,38804.94921875,5888.39990234375,13862.4501953125,38215.703125,18308.099609375
2022-01-18,11598.75,37503.1484375,38091.75,5755.14990234375,13697.599609375,38209.85546875,18113.05078125
2022-01-19,11681.400390625,37106.3984375,37281.69921875,5801.10009765625,13682.7001953125,38040.91015625,17938.400390625
2022-01-20,11583.2001953125,36681.3984375,36662.19921875,5831.14990234375,13454.900390625,37850.41015625,17757.0
2022-01-21,11561.75,36812.8984375,36054.6015625,5719.5498046875,13243.0498046875,37573.86328125,17617.150390625
2022-01-24,11261.2001953125,35941.3515625,34821.6015625,5420.4501953125,12998.599609375,36947.12109375,17149.099609375
2022-01-25,11522.75,36382.8515625,34707.44921875,5485.14990234375,13092.099609375,37706.3125,17277.94921875
2022-01-27,11561.599609375,35966.80078125,33475.05078125,5445.89990234375,12847.900390625,37981.66015625,17110.150390625
2022-01-28,11493.400390625,36188.30078125,33851.94921875,5466.0498046875,12983.0498046875,37688.9609375,17101.94921875
2022-01-31,11703.5,36467.25,34824.55078125,5473.4501953125,13179.900390625,37974.91015625,17339.849609375
2022-02-01,11616.099609375,37183.80078125,35371.6484375,5719.39990234375,13477.5,38505.05078125,17576.849609375
2022-02-02,11632.400390625,37581.5,35788.75,5779.7001953125,13643.650390625,39330.04296875,17780.0
2022-02-03,11683.400390625,37467.19921875,35056.80078125,5761.60009765625,13617.599609375,39009.546875,17560.19921875
2022-02-04,11560.599609375,37508.3984375,35080.1015625,5829.5,13580.2998046875,38788.90234375,17516.30078125
2022-02-07,11407.25,36764.94921875,34621.25,5829.0,13381.7001953125,37995.0078125,17213.599609375
2022-02-08,11429.7998046875,36765.94921875,34521.55078125,5875.60009765625,13444.7001953125,38028.0078125,17266.75
2022-02-09,11680.150390625,36852.8515625,34983.30078125,5985.0,13570.2998046875,38609.80078125,17463.80078125
2022-02-10,11674.0498046875,36982.55078125,35341.8515625,6059.4501953125,13613.0498046875,39010.49609375,17605.849609375
2022-02-11,11552.900390625,36671.6484375,34379.05078125,6023.7998046875,13510.2998046875,38516.80078125,17374.75
2022-02-14,11107.150390625,35661.25,33880.6484375,5719.0,13252.150390625,36908.12109375,16842.80078125
2022-02-15,11552.2998046875,36438.69921875,34913.30078125,5845.5,13356.900390625,38169.65625,17352.44921875
2022-02-16,11509.7001953125,36460.75,34801.94921875,5812.14990234375,13425.099609375,37953.359375,17322.19921875
2022-02-17,11492.849609375,36571.69921875,34634.1015625,5793.39990234375,13324.400390625,37531.2109375,17304.599609375
2022-02-18,11420.4501953125,36498.69921875,34483.1015625,5778.39990234375,13208.7998046875,37598.7109375,17276.30078125
2022-02-21,11361.599609375,36200.30078125,34472.05078125,5658.9501953125,13029.900390625,37685.1640625,17206.650390625
2022-02-22,11343.0498046875,35879.8515625,34129.55078125,5595.89990234375,12954.5,37371.21484375,17092.19921875
2022-02-23,11318.7001953125,35933.1015625,34114.30078125,5608.89990234375,12976.2998046875,37391.6171875,17063.25
2022-02-24,10609.7998046875,34735.1484375,32547.900390625,5313.64990234375,12500.099609375,35227.69140625,16247.9501953125
2022-02-25,10895.2998046875,35292.55078125,33476.94921875,5618.7001953125,12899.849609375,36430.328125,16658.400390625
2022-02-28,10820.5498046875,35515.3984375,33847.8515625,5896.85009765625,12927.599609375,36204.87890625,16793.900390625
2022-03-02,10500.4501953125,35364.44921875,33720.0,6136.7001953125,12689.5498046875,35372.390625,16605.94921875
2022-03-03,10261.099609375,35019.6015625,34130.30078125,6210.25,12643.75,34943.89453125,16498.05078125
2022-03-04,9896.650390625,34627.8515625,34177.69921875,6010.14990234375,12600.150390625,34407.40234375,16245.349609375
2022-03-07,9480.4501953125,33657.44921875,34135.8984375,6136.14990234375,12546.849609375,32870.8671875,15863.150390625
2022-03-08,9560.0,34006.8984375,35055.55078125,6045.2998046875,12844.849609375,33157.71484375,16013.4501953125
2022-03-09,9832.349609375,34486.94921875,35440.55078125,6024.60009765625,13059.25,33815.0546875,16345.349609375
2022-03-10,10019.349609375,35530.30078125,35399.1015625,6161.9501953125,13077.0498046875,34475.19921875,16594.900390625
2022-03-11,9979.7001953125,35613.6484375,35348.69921875,6190.0498046875,13399.0,34545.84765625,16630.44921875
2022-03-14,10074.2998046875,35589.3984375,36028.0,6161.0498046875,13351.900390625,35311.73828125,16871.30078125
2022-03-15,10131.2998046875,35649.94921875,35097.8515625,5910.10009765625,13318.849609375,35022.2421875,16663.0
2022-03-16,10350.099609375,36273.6015625,35729.6484375,6065.7001953125,13374.5,35747.8359375,16975.349609375
2022-03-17,10576.0,36782.69921875,35643.6015625,6183.7998046875,13546.0498046875,36428.12890625,17287.05078125
2022-03-21,10448.400390625,36149.3515625,35377.75,6276.35009765625,13549.5498046875,36018.08203125,17117.599609375
2022-03-22,10572.900390625,35887.05078125,36070.44921875,6323.7001953125,13513.150390625,36348.12890625,17315.5
2022-03-23,10463.4501953125,35789.8515625,36082.0,6399.9501953125,13569.650390625,36146.9296875,17245.650390625
2022-03-24,10412.400390625,35797.1484375,36516.75,6498.2001953125,13724.5,35526.6875,17222.75
2022-03-25,10354.150390625,35522.75,36152.30078125,6500.2001953125,13607.0498046875,35409.69140625,17153.0
2022-03-28,10421.599609375,35659.44921875,36026.05078125,6559.39990234375,13562.25,35710.0859375,17222.0
2022-03-29,10416.25,35640.1484375,36146.75,6571.85009765625,13771.400390625,35846.98046875,17325.30078125
2022-03-30,10542.150390625,35858.25,36463.55078125,6428.9501953125,13745.599609375,36333.87890625,17498.25
2022-03-31,10552.099609375,36287.75,36317.19921875,6423.7001953125,13584.099609375,36373.1796875,17464.75
2022-04-01,10676.849609375,36712.1484375,36343.3984375,6477.2001953125,13579.900390625,37148.06640625,17670.44921875
2022-04-04,10803.849609375,37191.75,36442.8984375,6606.10009765625,13789.25,38634.75,18053.400390625
2022-04-05,10936.5,37656.80078125,36466.55078125,6640.4501953125,13809.25,38067.45703125,17957.400390625
2022-04-06,10906.7998046875,37588.8984375,35871.5,6730.0,13758.4501953125,37632.36328125,17807.650390625
2022-04-07,10820.7001953125,37561.69921875,35423.25,6618.35009765625,13815.0,37556.9140625,17639.55078125
2022-04-08,10894.2998046875,38322.6484375,35394.44921875,6755.5498046875,13838.599609375,37751.61328125,17784.349609375
2022-04-11,10882.099609375,38236.25,34895.8984375,6774.89990234375,13837.849609375,37613.36328125,17674.94921875
2022-04-12,10788.7998046875,37931.3984375,34379.5,6589.25,13744.650390625,37746.9609375,17530.30078125
2022-04-13,10698.2998046875,38191.3984375,34354.80078125,6627.0,13772.75,37462.96484375,17475.650390625
2022-04-18,10745.75,38422.1015625,32780.05078125,6648.9501953125,13717.2998046875,36728.57421875,17173.650390625
2022-04-19,10615.150390625,37337.3984375,31804.19921875,6578.0,13522.4501953125,36341.1796875,16958.650390625
2022-04-20,10848.7001953125,37722.80078125,32173.400390625,6556.10009765625,13660.650390625,36314.4765625,17136.55078125
2022-04-21,11090.5498046875,38005.8984375,32611.599609375,6570.2001953125,13821.2998046875,36815.671875,17392.599609375
2022-04-22,11028.150390625,37775.44921875,32426.69921875,6440.64990234375,13569.849609375,36044.33203125,17171.94921875
2022-04-25,10916.5,37167.3984375,31744.0,6256.7998046875,13296.75,36081.93359375,16953.94921875
2022-04-26,11221.75,37866.69921875,31840.05078125,6336.85009765625,13444.099609375,36404.37890625,17200.80078125
2022-04-27,11158.849609375,37634.5,31594.349609375,6321.5498046875,13358.150390625,36028.43359375,17038.400390625
2022-04-28,11192.0498046875,38460.25,31914.349609375,6362.39990234375,13480.0,36421.77734375,17245.05078125
2022-04-29,11078.099609375,38204.1484375,31622.400390625,6327.2998046875,13462.849609375,36087.73046875,17102.55078125
2022-05-02,10938.2998046875,38285.30078125,31138.80078125,6363.10009765625,13460.25,36163.328125,17069.099609375
2022-05-04,10661.0,37621.80078125,30794.599609375,6158.5498046875,13108.7998046875,35264.140625,16677.599609375
2022-05-05,10705.7001953125,37408.05078125,31432.44921875,6196.60009765625,13008.5,35232.44140625,16682.650390625
2022-05-06,10518.4501953125,37279.30078125,30719.44921875,6066.0,12820.900390625,34590.796875,16411.25
2022-05-09,10483.5,36732.0,30733.30078125,5942.7998046875,12785.0,34275.0,16301.849609375
2022-05-10,10472.4501953125,36911.8984375,30427.19921875,5633.85009765625,12596.2998046875,34482.24609375,16240.0498046875
2022-05-11,10377.400390625,36658.3984375,30050.25,5634.14990234375,12557.650390625,34692.74609375,16167.099609375
2022-05-12,10164.349609375,36221.75,29756.849609375,5425.89990234375,12424.4501953125,33531.7578125,15808.0
2022-05-13,10412.349609375,36887.1484375,29624.849609375,5313.0498046875,12629.5,33120.96484375,15782.150390625
2022-05-16,10649.099609375,36759.5,29403.5,5359.9501953125,12608.25,33597.2109375,15842.2998046875
2022-05-17,10911.150390625,37518.75,30218.75,5727.4501953125,12745.9501953125,34301.5,16259.2998046875
2022-05-18,10909.4501953125,37989.05078125,30077.69921875,5708.9501953125,12881.5498046875,34163.30078125,16240.2998046875
2022-05-19,10618.0,37740.44921875,28352.150390625,5476.25,12600.849609375,33315.26171875,15809.400390625
2022-05-20,10914.599609375,38546.3515625,28789.400390625,5706.35009765625,13065.5,34276.0,16266.150390625
2022-05-23,11115.2001953125,38510.80078125,29079.30078125,5241.60009765625,12889.2001953125,34247.203125,16214.7001953125
2022-05-24,11116.2998046875,38010.8515625,28531.5,5180.2998046875,12691.599609375,34289.75,16125.150390625
2022-05-25,11011.5,37930.94921875,27566.099609375,5079.25,12543.849609375,34339.1015625,16025.7998046875
2022-05-26,11097.150390625,37849.19921875,27932.55078125,5214.75,12557.5,35094.4921875,16170.150390625
2022-05-27,11270.25,38242.69921875,28641.599609375,5211.5,12669.9501953125,35612.88671875,16352.4501953125
2022-05-30,11491.400390625,38610.3984375,29753.30078125,5264.0498046875,12671.150390625,35826.53125,16661.400390625
2022-05-31,11586.599609375,38713.44921875,29679.05078125,5332.75,12604.4501953125,35486.984375,16584.55078125
2022-06-01,11563.0,38434.55078125,29260.75,5336.7001953125,12443.75,35620.38671875,16522.75
2022-06-02,11491.400390625,38497.30078125,29792.400390625,5397.5498046875,12500.349609375,35613.234375,16628.0
2022-06-03,11282.150390625,38273.8984375,29903.80078125,5328.7998046875,12418.7998046875,35274.640625,16584.30078125
2022-06-06,11303.150390625,38238.44921875,29819.80078125,5388.64990234375,12412.400390625,35309.7890625,16569.55078125
2022-06-07,11362.2001953125,37648.8515625,29351.69921875,5340.85009765625,12279.650390625,34995.59375,16416.349609375
2022-06-08,11382.349609375,37254.3515625,29472.150390625,5348.2001953125,12317.7998046875,34945.7421875,16356.25
2022-06-09,11419.25,37440.6484375,29761.55078125,5278.2001953125,12465.900390625,35085.04296875,16478.099609375
2022-06-10,11394.0,37428.69921875,29114.30078125,5199.9501953125,12419.2001953125,34483.3984375,16201.7998046875
2022-06-13,11165.650390625,37078.1015625,27914.599609375,5000.0,12191.849609375,33405.46484375,15774.400390625
2022-06-14,11104.150390625,36999.1484375,27953.349609375,5018.2998046875,12218.5,33310.96484375,15732.099609375
2022-06-15,11206.75,36830.8984375,27812.44921875,4982.2998046875,12261.349609375,33338.61328125,15692.150390625
2022-06-16,10956.599609375,36621.1484375,27136.44921875,4721.2998046875,12066.650390625,32616.720703125,15360.599609375
2022-06-17,10830.900390625,36264.55078125,26732.44921875,4724.85009765625,11803.9501953125,32742.669921875,15293.5
2022-06-20,10754.7001953125,36915.75,26966.19921875,4540.5498046875,11847.900390625,32684.419921875,15350.150390625
2022-06-21,10974.2001953125,37317.75,27810.650390625,4720.75,12098.349609375,33191.36328125,15638.7998046875
2022-06-22,10881.400390625,36963.30078125,27488.400390625,4490.75,11939.0498046875,32844.91796875,15413.2998046875
2022-06-23,11359.5,37316.5,28027.80078125,4523.0,12127.2001953125,33134.61328125,15556.650390625
2022-06-24,11583.25,37778.8515625,27777.80078125,4596.60009765625,12178.400390625,33627.05859375,15699.25
2022-06-27,11686.0498046875,38103.19921875,28345.94921875,4666.2998046875,12221.5498046875,33810.85546875,15832.0498046875
2022-06-28,11832.5498046875,38173.1015625,28509.099609375,4744.0,12214.5498046875,33642.05859375,15850.2001953125
2022-06-29,11850.5,37688.3515625,28140.099609375,4755.39990234375,12210.9501953125,33269.51171875,15799.099609375
2022-06-30,11701.150390625,37664.55078125,27843.349609375,4660.89990234375,12159.349609375,33424.71484375,15780.25
2022-07-01,11711.9501953125,38725.8515625,28064.25,4696.5,12260.900390625,33539.05859375,15752.0498046875
2022-07-04,11692.099609375,39755.6484375,27890.650390625,4649.9501953125,12218.2001953125,33940.50390625,15835.349609375
2022-07-05,11649.7998046875,39690.6015625,27695.150390625,4663.75,12233.75,33815.50390625,15810.849609375
2022-07-06,11952.2001953125,40740.1484375,28007.599609375,4665.2998046875,12331.150390625,34323.8515625,15989.7998046875
2022-07-07,12114.099609375,40708.69921875,28196.349609375,4842.2001953125,12389.7001953125,34919.89453125,16132.900390625
2022-07-08,12124.599609375,40925.25,28250.30078125,4799.5498046875,12449.4501953125,35123.640625,16220.599609375
2022-07-11,12252.5,41043.1484375,27380.55078125,4893.89990234375,12564.849609375,35469.234375,16216.0
2022-07-12,12107.349609375,40574.80078125,27063.75,4834.0498046875,12450.650390625,35131.83984375,16058.2998046875
2022-07-13,12099.349609375,40954.3984375,26949.75,4872.5498046875,12622.2998046875,34827.39453125,15966.650390625
2022-07-14,12115.2998046875,40897.30078125,26523.30078125,4870.35009765625,12721.0,34650.796875,15938.650390625
2022-07-15,12361.650390625,41498.80078125,26484.75,4830.7001953125,12732.0,34682.24609375,16049.2001953125
2022-07-18,12408.7001953125,41460.30078125,27322.94921875,4950.9501953125,12713.4501953125,35358.2890625,16278.5
2022-07-19,12538.900390625,41479.8515625,27346.150390625,4991.0,12682.2001953125,35719.9375,16340.5498046875
2022-07-20,12511.2998046875,41950.1484375,28146.349609375,5046.7001953125,12711.5,35971.68359375,16520.849609375
2022-07-21,12581.349609375,42283.0,28342.900390625,5090.10009765625,12651.75,36200.578125,16605.25
2022-07-22,12634.2001953125,42502.75,28168.150390625,5094.10009765625,12617.5498046875,36738.5234375,16719.44921875
2022-07-25,12423.7001953125,42386.94921875,28216.0,5168.5498046875,12488.7998046875,36725.97265625,16631.0
2022-07-26,12276.5,41799.05078125,27418.849609375,5153.39990234375,12341.900390625,36408.078125,16483.849609375
2022-07-27,12326.349609375,42036.30078125,27878.80078125,5193.64990234375,12628.9501953125,36783.32421875,16641.80078125
2022-07-28,12383.7001953125,42271.6484375,28663.05078125,5282.10009765625,12660.650390625,37377.71484375,16929.599609375
2022-07-29,12543.2001953125,42487.3984375,29152.30078125,5485.7998046875,12776.5498046875,37490.9609375,17158.25
2022-08-01,12953.650390625,42526.75,29220.0,5578.14990234375,12766.849609375,37902.7578125,17340.05078125
2022-08-02,13023.650390625,42798.5,29024.650390625,5563.4501953125,12780.400390625,38023.55859375,17345.44921875
2022-08-03,12919.400390625,42624.1484375,29416.94921875,5553.14990234375,12682.0,37988.80859375,17388.150390625
2022-08-04,12945.7001953125,42830.25,29782.900390625,5620.35009765625,12982.349609375,37755.11328125,17382.0
2022-08-05,12804.349609375,42930.8984375,29973.55078125,5595.85009765625,12939.75,37920.16015625,17397.5
2022-08-08,12927.9501953125,42978.5,29967.69921875,5668.0,12940.25,38236.953125,17525.099609375
2022-08-10,12951.650390625,42821.6015625,29701.150390625,5759.60009765625,12950.7001953125,38287.40625,17534.75
2022-08-11,12923.5498046875,42478.5,30233.69921875,5758.85009765625,13014.2001953125,38879.3984375,17659.0
2022-08-12,12923.75,42457.30078125,29885.900390625,5853.4501953125,12864.0,39041.84765625,17698.150390625
2022-08-16,13250.0,42964.1015625,29909.0,5893.39990234375,12933.849609375,39239.19140625,17825.25
2022-08-17,13194.25,43275.8515625,30256.900390625,5922.7998046875,12979.25,39461.2421875,17944.25
2022-08-18,13131.900390625,43522.30078125,30018.900390625,5977.14990234375,12935.75,39655.6875,17956.5
2022-08-19,12946.4501953125,42945.3515625,30036.099609375,5883.25,12799.9501953125,38985.49609375,17758.44921875
2022-08-22,12695.75,42890.6484375,29478.900390625,5708.10009765625,12588.25,38297.3046875,17490.69921875
2022-08-23,12925.75,42937.6484375,28957.849609375,5789.2001953125,12683.5498046875,38697.19921875,17577.5
2022-08-24,12913.349609375,42999.69921875,28859.849609375,5830.0498046875,12644.0,39038.046875,17604.94921875
2022-08-25,12877.900390625,42830.05078125,28608.650390625,5800.10009765625,12593.25,38950.296875,17522.44921875
2022-08-26,12929.150390625,42768.94921875,28691.599609375,5902.7001953125,12580.4501953125,38986.6953125,17558.900390625
2022-08-29,12886.400390625,42933.8984375,27678.94921875,5812.25,12545.75,38276.25390625,17312.900390625
2022-08-30,13217.349609375,43821.1484375,28407.900390625,5934.60009765625,12699.400390625,39536.2890625,17759.30078125
2022-09-01,13266.150390625,43497.3515625,27846.80078125,5878.9501953125,12555.0,39300.79296875,17542.80078125
2022-09-02,13220.650390625,43666.55078125,27745.80078125,5887.7001953125,12506.150390625,39420.54296875,17539.44921875
2022-09-05,13246.099609375,43755.8515625,27836.599609375,5985.75,12565.5498046875,39805.2890625,17665.80078125
2022-09-06,13225.2998046875,43528.8984375,27742.80078125,6064.7001953125,12598.0,39666.0390625,17655.599609375
2022-09-07,13072.650390625,43614.94921875,27832.400390625,6066.39990234375,12696.2998046875,39455.44140625,17624.400390625
2022-09-08,13151.400390625,43786.44921875,28102.400390625,6011.5,12689.9501953125,40208.48046875,17798.75
2022-09-09,13219.599609375,43837.69921875,28724.05078125,6025.2998046875,12689.2998046875,40415.23046875,17833.349609375
2022-09-12,13256.099609375,43921.8515625,29131.19921875,6080.9501953125,12715.25,40573.52734375,17936.349609375
2022-09-13,13264.150390625,44251.55078125,29116.849609375,6158.89990234375,12745.599609375,40872.625,18070.05078125
2022-09-14,13222.25,44182.6484375,28137.650390625,6256.2998046875,12682.2001953125,41404.91796875,18003.75
2022-09-15,13315.5,44041.6015625,27734.349609375,6263.89990234375,12518.849609375,41208.71875,17877.400390625
2022-09-16,12954.4501953125,43192.6484375,26706.44921875,6137.64990234375,12346.849609375,40776.328125,17530.849609375
2022-09-19,13074.0,43655.6484375,26810.150390625,6110.10009765625,12369.599609375,40903.921875,17622.25
2022-09-20,13291.349609375,43981.25,27020.599609375,6205.60009765625,12750.7001953125,41467.8203125,17816.25
2022-09-21,13223.4501953125,44500.1484375,26843.25,6076.10009765625,12573.5498046875,41202.96875,17718.349609375
2022-09-22,13320.75,45080.44921875,26782.650390625,6100.75,12612.849609375,40630.12890625,17629.80078125
2022-09-23,13093.5,44854.6484375,26592.349609375,6027.35009765625,12610.650390625,39545.7890625,17327.349609375
2022-09-26,12594.349609375,43937.3984375,26743.650390625,5778.25,12475.5,38615.80078125,17016.30078125
2022-09-27,12529.7998046875,44218.1484375,27004.150390625,5728.64990234375,12598.0,38358.703125,17007.400390625
2022-09-28,12537.349609375,43964.6484375,27067.650390625,5617.64990234375,12705.400390625,37759.4140625,16858.599609375
2022-09-29,12497.349609375,44356.25,26819.05078125,5645.9501953125,12874.2998046875,37647.3125,16818.099609375
2022-09-30,12699.2998046875,44405.6484375,26981.150390625,5768.2001953125,12971.900390625,38631.5,17094.349609375
2022-10-03,12441.0498046875,43477.30078125,26729.099609375,5593.9501953125,13118.9501953125,38029.20703125,16887.349609375
2022-10-04,12690.5498046875,44287.05078125,27496.94921875,5769.2998046875,13233.4501953125,39109.59765625,17274.30078125
2022-10-06,12784.5498046875,44097.19921875,27928.75,5956.9501953125,13188.0,39282.39453125,17331.80078125
2022-10-07,12761.9501953125,43813.30078125,27733.599609375,5931.5498046875,13134.7001953125,39177.59375,17314.650390625
2022-10-10,12693.599609375,43329.19921875,28027.599609375,5916.39990234375,13028.400390625,39092.6484375,17241.0
2022-10-11,12488.349609375,42564.6484375,27469.5,5785.9501953125,12826.7998046875,38712.0,16983.55078125
2022-10-12,12598.2998046875,43196.8515625,27694.650390625,5798.14990234375,12839.349609375,39118.09765625,17123.599609375
2022-10-13,12562.75,43036.6484375,27506.19921875,5804.25,12867.150390625,38623.55078125,17014.349609375
2022-10-14,12478.25,43153.05078125,27954.05078125,5767.2001953125,12950.4501953125,39305.14453125,17185.69921875
2022-10-17,12562.5498046875,43182.8984375,28019.150390625,5711.39990234375,12982.400390625,39919.984375,17311.80078125
2022-10-18,12732.650390625,43715.75,28315.19921875,5775.0498046875,13008.25,40318.28125,17486.94921875
2022-10-19,12721.0498046875,43890.55078125,28060.349609375,5736.14990234375,13021.75,40372.73046875,17512.25
2022-10-20,12729.599609375,44281.1484375,28432.19921875,5801.7001953125,13089.2001953125,40099.0859375,17563.94921875
2022-10-21,12695.650390625,44269.19921875,28336.94921875,5748.35009765625,12979.400390625,40783.578125,17576.30078125
2022-10-24,12794.650390625,44210.1015625,28534.30078125,5789.0498046875,13061.099609375,41304.41796875,17730.75
2022-10-25,12952.7998046875,43752.8515625,28722.849609375,5812.4501953125,13112.2001953125,41122.2734375,17656.349609375
2022-10-27,12979.400390625,43954.6015625,28572.19921875,5970.25,13228.0498046875,41298.8203125,17736.94921875
2022-10-28,13190.900390625,43944.1015625,28318.349609375,5883.35009765625,13048.2998046875,40990.375,17786.80078125
2022-10-31,13381.650390625,44296.30078125,28727.599609375,5896.35009765625,13212.25,41307.41796875,18012.19921875
2022-11-01,13416.900390625,44564.8984375,29270.650390625,6036.9501953125,13492.0498046875,41289.0703125,18145.400390625
2022-11-02,13318.25,44533.3515625,29138.650390625,6075.7001953125,13556.900390625,41146.171875,18082.849609375
2022-11-03,13262.650390625,44661.8515625,28795.75,6068.75,13559.9501953125,41297.87109375,18052.69921875
2022-11-04,13271.7001953125,44509.55078125,28693.05078125,6324.14990234375,13422.150390625,41257.96875,18117.150390625
2022-11-07,13443.900390625,44709.44921875,28741.30078125,6423.85009765625,13230.0,41686.21484375,18202.80078125
2022-11-09,13341.400390625,44826.55078125,28626.80078125,6364.0498046875,13079.5,41782.71484375,18157.0
2022-11-10,13080.75,44586.8984375,28505.75,6318.75,12983.099609375,41603.265625,18028.19921875
2022-11-11,13040.900390625,44520.5,29591.94921875,6447.2001953125,13015.650390625,42136.5625,18349.69921875
2022-11-14,13071.400390625,43919.1484375,29849.30078125,6558.5,13019.849609375,42076.26171875,18329.150390625
2022-11-15,13155.5498046875,43911.05078125,29865.30078125,6589.5498046875,13036.900390625,42372.20703125,18403.400390625
2022-11-16,13105.9501953125,43910.30078125,29951.5,6461.60009765625,12998.5,42534.8046875,18409.650390625
2022-11-17,12927.400390625,43845.1015625,29681.400390625,6455.7001953125,12948.25,42457.55859375,18343.900390625
2022-11-18,12774.900390625,43747.0,29669.25,6444.39990234375,12861.400390625,42436.95703125,18307.650390625
2022-11-21,12696.099609375,43611.0,29209.55078125,6392.25,12794.599609375,42346.05859375,18159.94921875
2022-11-22,12745.5,43854.1484375,29446.900390625,6448.85009765625,12836.349609375,42456.55859375,18244.19921875
2022-11-23,12774.75,43854.19921875,29405.650390625,6422.85009765625,12876.9501953125,42728.60546875,18267.25
2022-11-24,12845.599609375,44241.75,30178.650390625,6440.7001953125,12888.150390625,43074.8984375,18484.099609375
2022-11-25,12958.0,44102.6015625,30334.599609375,6455.14990234375,12968.4501953125,42983.44921875,18512.75
2022-11-28,13036.400390625,44251.05078125,30309.650390625,6381.35009765625,12993.9501953125,43019.94921875,18562.75
2022-11-29,13007.650390625,45078.55078125,30345.650390625,6447.35009765625,13087.349609375,43052.94921875,18618.05078125
2022-11-30,13231.849609375,45536.55078125,30391.69921875,6564.2001953125,13144.2001953125,43230.49609375,18758.349609375
2022-12-01,13191.75,45370.6484375,31120.5,6664.85009765625,13120.650390625,43260.14453125,18812.5
2022-12-02,13046.349609375,45154.19921875,31052.099609375,6694.5,13086.9501953125,43103.25,18696.099609375
2022-12-05,13007.5498046875,45151.1484375,30891.5,6819.75,13052.900390625,43332.4453125,18701.05078125
2022-12-06,12973.7998046875,45287.8515625,30443.0,6768.85009765625,12955.349609375,43138.05078125,18642.75
2022-12-07,12870.650390625,45724.6015625,30187.05078125,6709.2998046875,12869.7998046875,43098.19921875,18560.5
2022-12-08,12908.150390625,45767.05078125,30115.0,6756.9501953125,12728.7001953125,43596.34375,18609.349609375
2022-12-09,12869.400390625,46159.5,29168.44921875,6681.5498046875,12774.7001953125,43632.94140625,18496.599609375
2022-12-12,12874.349609375,46215.19921875,29050.5,6708.14990234375,12758.0498046875,43708.2421875,18497.150390625
2022-12-13,12931.0,46145.55078125,29376.55078125,6722.0,12797.75,43946.0390625,18608.0
2022-12-14,13004.099609375,45949.3515625,29713.900390625,6805.85009765625,12883.599609375,44048.58984375,18660.30078125
2022-12-15,12912.900390625,45544.55078125,29087.94921875,6708.5498046875,12816.099609375,43497.6953125,18414.900390625
2022-12-16,12775.25,45320.75,28702.19921875,6657.7001953125,12636.2001953125,43218.99609375,18269.0
2022-12-19,12978.7998046875,45981.44921875,28556.44921875,6742.4501953125,12646.4501953125,43413.24609375,18420.44921875
2022-12-20,12879.400390625,45694.69921875,28612.5,6750.2998046875,12618.4501953125,43358.99609375,18385.30078125
2022-12-21,12695.4501953125,45284.69921875,28764.25,6593.64990234375,12920.400390625,42617.453125,18199.099609375
2022-12-22,12554.7001953125,45085.55078125,28763.900390625,6519.25,12892.75,42408.30859375,18127.349609375
2022-12-23,12236.0,44314.8984375,28237.05078125,6228.0,12784.4501953125,41667.56640625,17806.80078125
2022-12-26,,,28385.69921875,,12677.099609375,42629.65234375,18014.599609375
2022-12-27,12522.75,44559.3984375,28636.25,6633.9501953125,12694.75,42859.0,18132.30078125
2022-12-28,12605.4501953125,44589.1484375,28583.44921875,6615.75,12624.150390625,42827.203125,18122.5
2022-12-29,12634.599609375,44508.0,28687.19921875,6687.10009765625,12634.2998046875,43251.84765625,18191.0
2022-12-30,12611.7001953125,44171.44921875,28621.69921875,6723.39990234375,12597.599609375,42985.94921875,18105.30078125
2023-01-02,12667.75,44192.8515625,28737.30078125,6886.64990234375,12551.400390625,43203.1015625,18197.44921875
2023-01-03,12614.75,44013.6484375,28962.30078125,6850.0498046875,12641.75,43425.25,18232.55078125
2023-01-04,12512.0498046875,43723.55078125,28677.80078125,6705.85009765625,12622.75,42958.80078125,18042.94921875
2023-01-05,12656.650390625,44401.5,28527.75,6761.2001953125,12753.2001953125,42608.69921875,17992.150390625
2023-01-06,12627.7998046875,44412.8515625,27956.44921875,6697.2998046875,12654.9501953125,42188.80078125,17859.44921875
2023-01-09,12783.0,44796.6484375,28748.150390625,6792.89990234375,12770.599609375,42582.75,18101.19921875
2023-01-10,12819.099609375,44626.05078125,28502.69921875,6741.7001953125,12766.599609375,42014.75,17914.150390625
2023-01-11,12753.0498046875,44123.0,28596.349609375,6792.14990234375,12682.25,42232.69921875,17895.69921875
2023-01-12,12769.400390625,43966.3515625,28720.30078125,6783.64990234375,12671.4501953125,42082.25,17858.19921875
2023-01-13,12832.400390625,43955.6015625,28933.75,6869.7998046875,12668.7998046875,42371.25,17956.599609375
2023-01-16,12748.7998046875,44006.75,29264.650390625,6779.25,12659.400390625,42167.55078125,17894.849609375
2023-01-17,12821.849609375,44536.1015625,29498.0,6793.5,12648.0,42235.05078125,18053.30078125
2023-01-18,12817.599609375,44711.44921875,29617.80078125,6905.7998046875,12734.5,42458.0,18165.349609375
2023-01-19,12763.0,44326.05078125,29632.349609375,6867.2998046875,12699.0498046875,42328.8515625,18107.849609375
2023-01-20,12691.7001953125,43899.6015625,29529.650390625,6805.25,12606.4501953125,42506.80078125,18027.650390625
2023-01-23,12797.0498046875,44261.8984375,30086.0,6777.85009765625,12718.4501953125,42821.25,18118.55078125
2023-01-24,12960.849609375,44324.3515625,30316.900390625,6717.60009765625,12593.849609375,42733.44921875,18118.30078125
2023-01-25,12957.150390625,44284.1484375,30043.900390625,6703.7998046875,12440.099609375,41647.6484375,17891.94921875
2023-01-27,13089.7001953125,44486.6484375,29766.44921875,6389.25,12508.0498046875,40345.30078125,17604.349609375
2023-01-30,13076.849609375,44220.3515625,30094.849609375,6371.64990234375,12484.0,40387.44921875,17648.94921875
2023-01-31,13323.900390625,44456.8984375,29740.349609375,6468.39990234375,12360.25,40655.05078125,17662.150390625
2023-02-01,13206.849609375,44958.30078125,30018.25,6177.0498046875,12355.7998046875,40513.0,17616.30078125
2023-02-02,13213.25,45981.55078125,30566.75,5908.2001953125,12306.2998046875,40669.30078125,17610.400390625
2023-02-03,13377.9501953125,46037.19921875,30597.650390625,5901.9501953125,12184.599609375,41499.69921875,17854.05078125
2023-02-06,13360.150390625,46293.6015625,30411.099609375,5772.39990234375,12193.099609375,41374.6484375,17764.599609375
2023-02-07,13226.0498046875,45758.1015625,30310.69921875,5757.35009765625,12191.400390625,41490.94921875,17721.5
2023-02-08,13257.349609375,45771.6015625,30774.05078125,5975.14990234375,12357.2998046875,41537.6484375,17871.69921875
2023-02-09,13187.849609375,45671.25,30990.849609375,5880.7001953125,12302.5,41554.30078125,17893.44921875
2023-02-10,13235.0498046875,45488.1015625,30870.19921875,5773.60009765625,12327.0,41559.3984375,17856.5
2023-02-13,13154.349609375,45508.3984375,30289.650390625,5704.75,12268.099609375,41282.19921875,17770.900390625
2023-02-14,13106.5498046875,45976.94921875,30588.75,5762.85009765625,12248.7998046875,41648.3515625,17929.849609375
2023-02-15,13235.2001953125,45799.19921875,30934.349609375,5789.64990234375,12237.099609375,41731.05078125,18015.849609375
2023-02-16,13206.0498046875,45758.19921875,31434.849609375,5860.75,12298.599609375,41631.3515625,18035.849609375
2023-02-17,13140.0,45617.30078125,31054.849609375,5807.7001953125,12154.0498046875,41131.75,17944.19921875
2023-02-20,13177.400390625,45501.19921875,31222.349609375,5762.9501953125,12055.400390625,40701.69921875,17844.599609375
2023-02-21,13148.75,45551.94921875,30947.25,5744.14990234375,12019.5,40673.6015625,17826.69921875
2023-02-22,12989.9501953125,45412.8515625,30608.19921875,5592.2998046875,11991.849609375,39995.8984375,17554.30078125
2023-02-23,12982.25,45530.1015625,30598.400390625,5611.7998046875,11968.2001953125,40001.55078125,17511.25
2023-02-24,12869.099609375,45372.5,30514.900390625,5443.60009765625,11996.2001953125,39909.3984375,17465.80078125
2023-02-27,12675.2998046875,45040.75,29919.19921875,5313.75,11902.5,40307.1015625,17392.69921875
2023-02-28,12731.7998046875,44940.44921875,29663.94921875,5269.10009765625,11747.099609375,40269.05078125,17303.94921875
2023-03-01,12849.2998046875,45062.55078125,30097.75,5477.7001953125,11764.599609375,40698.1484375,17450.900390625
2023-03-02,12738.7998046875,44831.6015625,29717.44921875,5473.35009765625,11761.099609375,40389.80078125,17321.900390625
2023-03-03,12787.0498046875,45410.0,29817.05078125,5667.89990234375,11781.7998046875,41251.3515625,17594.349609375
2023-03-06,12909.5,45552.1015625,30179.75,5679.5498046875,11807.900390625,41350.3984375,17711.44921875
2023-03-08,13019.5,45722.0,30065.75,5679.25,11750.150390625,41577.1015625,17754.400390625
2023-03-09,12781.2001953125,45260.44921875,29742.349609375,5682.75,11700.400390625,41256.75,17589.599609375
2023-03-10,12741.599609375,45334.75,29545.5,5635.7001953125,11683.9501953125,40485.44921875,17412.900390625
2023-03-13,12456.0,44953.6015625,29267.0,5585.25,11597.349609375,39564.69921875,17154.30078125
2023-03-14,12345.5498046875,44714.94921875,28784.69921875,5517.35009765625,11597.9501953125,39411.3984375,17043.30078125
2023-03-15,12282.0,44464.3515625,28716.5,5616.5,11633.9501953125,39051.5,16972.150390625
2023-03-16,12304.900390625,44971.19921875,28517.25,5471.75,11743.2001953125,39132.6015625,16985.599609375
2023-03-17,12245.9501953125,44858.30078125,28854.44921875,5602.60009765625,11676.150390625,39598.1015625,17100.05078125
2023-03-20,12131.7001953125,45213.05078125,28442.94921875,5470.85009765625,11663.2998046875,39361.94921875,16988.400390625
2023-03-21,12141.9501953125,44913.3984375,28164.849609375,5494.5,11633.75,39894.69921875,17107.5
2023-03-22,12201.349609375,45109.5,28217.599609375,5492.35009765625,11754.7001953125,39999.05078125,17151.900390625
2023-03-23,12205.7001953125,45267.44921875,27999.25,5497.85009765625,11780.849609375,39616.8984375,17076.900390625
2023-03-24,12113.400390625,45060.0,27935.650390625,5372.89990234375,11755.349609375,39395.3515625,16945.05078125
2023-03-27,12035.099609375,45188.0,27948.75,5372.85009765625,11882.75,39431.30078125,16985.69921875
2023-03-28,11917.9501953125,45044.25,27702.80078125,5330.2998046875,11873.2001953125,39567.8984375,16951.69921875
2023-03-29,12121.2998046875,45421.6484375,28011.30078125,5460.2001953125,11942.5,39910.1484375,17080.69921875
2023-03-31,12243.7998046875,45904.8984375,28698.599609375,5497.4501953125,12017.0498046875,40608.6484375,17359.75
2023-04-03,12425.849609375,45738.44921875,28633.0,5477.85009765625,12067.9501953125,40813.05078125,17398.05078125
2023-04-05,12357.650390625,46361.25,28977.19921875,5496.2998046875,12181.849609375,40999.1484375,17557.05078125
2023-04-06,12469.349609375,46109.1484375,28764.55078125,5528.10009765625,12274.349609375,41041.0,17599.150390625
2023-04-10,12616.75,45909.6484375,29041.599609375,5570.25,12298.75,40834.6484375,17624.05078125
2023-04-11,12742.0498046875,46269.69921875,28675.75,5668.25,12300.0,41366.5,17722.30078125
2023-04-12,12862.2001953125,46112.6015625,28980.349609375,5695.5498046875,12574.2001953125,41557.94921875,17812.400390625
2023-04-13,12918.650390625,46211.94921875,28342.80078125,5710.0498046875,12478.900390625,42132.55078125,17828.0
2023-04-17,12996.150390625,46688.6015625,27008.19921875,5734.5,12403.599609375,42262.55078125,17706.849609375
2023-04-18,13005.099609375,46536.3515625,27166.94921875,5749.0,12607.349609375,42265.19921875,17660.150390625
2023-04-19,13002.5498046875,46421.44921875,26687.44921875,5779.64990234375,12625.2998046875,42154.0,17618.75
2023-04-20,13032.349609375,46256.05078125,26637.150390625,5756.9501953125,12485.25,42269.5,17624.44921875
2023-04-21,12898.75,46669.69921875,26822.099609375,5677.89990234375,12545.75,42118.0,17624.05078125
2023-04-24,12893.349609375,46943.05078125,27013.650390625,5703.2998046875,12454.349609375,42635.75,17743.400390625
2023-04-25,12904.5498046875,47051.8515625,26985.80078125,5738.25,12456.599609375,42678.5,17769.25
2023-04-26,12972.75,47387.5,27065.0,5713.2001953125,12457.849609375,42829.8984375,17813.599609375
2023-04-27,13071.7998046875,47360.1484375,27355.25,5753.75,12519.349609375,43000.8515625,17915.05078125
2023-04-28,13189.25,47814.1015625,27708.19921875,5799.39990234375,12613.9501953125,43233.8984375,18065.0
2023-05-02,13283.150390625,47750.19921875,28025.0,5882.0,12590.2998046875,43352.1015625,18147.650390625
2023-05-03,13278.599609375,48120.6484375,27743.75,5824.25,12586.7998046875,43312.69921875,18089.849609375
2023-05-04,13292.5498046875,48057.3515625,27883.19921875,5895.0498046875,12654.650390625,43685.44921875,18255.80078125
2023-05-05,13345.7998046875,48186.1484375,27719.94921875,5807.0498046875,12608.349609375,42661.19921875,18069.0
2023-05-08,13584.25,48538.44921875,27920.94921875,5845.64990234375,12663.099609375,43284.0,18264.400390625
2023-05-09,13648.5,48369.1015625,28125.5,5836.85009765625,12716.7001953125,43198.1484375,18265.94921875
2023-05-10,13750.849609375,48643.3515625,28091.75,5822.10009765625,12716.900390625,43331.05078125,18315.099609375
2023-05-11,13803.75,48865.0,28102.0,5797.2998046875,12557.0498046875,43475.30078125,18297.0
2023-05-12,13910.5,48950.75,28028.400390625,5690.89990234375,12486.7001953125,43793.55078125,18314.80078125
2023-05-15,14007.849609375,49506.55078125,28165.400390625,5701.75,12487.400390625,44072.1015625,18398.849609375
2023-05-16,13877.7001953125,49406.1015625,28216.0,5683.4501953125,12454.5,43903.69921875,18286.5
2023-05-17,13889.900390625,49434.0,27942.94921875,5632.85009765625,12398.5498046875,43698.69921875,18181.75
2023-05-18,13767.7001953125,48889.30078125,27892.55078125,5601.64990234375,12241.349609375,43752.30078125,18129.94921875
2023-05-19,13863.5498046875,48874.25,28303.650390625,5618.0498046875,12124.25,43969.3984375,18203.400390625
2023-05-22,13890.5,49052.25,29007.30078125,5797.5,12244.2001953125,43885.1015625,18314.400390625
2023-05-23,13982.599609375,49118.80078125,28873.69921875,5947.7001953125,12314.2001953125,43954.44921875,18348.0
2023-05-24,13989.599609375,49355.25,28890.80078125,5855.14990234375,12440.4501953125,43677.8515625,18285.400390625
2023-05-25,14029.5,49657.0,28928.75,5872.5498046875,12455.5,43681.3984375,18321.150390625
2023-05-26,14130.4501953125,50388.0,29355.900390625,5935.39990234375,12601.5498046875,44018.0,18499.349609375
2023-05-29,14219.599609375,50626.3984375,29240.19921875,5991.2001953125,12624.2001953125,44311.8984375,18598.650390625
2023-05-30,14177.849609375,50927.19921875,29297.650390625,5936.5498046875,12604.7001953125,44436.3515625,18633.849609375
2023-05-31,14199.0,51042.75,29319.75,5890.0498046875,12678.400390625,44128.1484375,18534.400390625
2023-06-01,14257.0,50998.94921875,29446.25,5884.2001953125,12812.7998046875,43790.19921875,18487.75
2023-06-02,14388.599609375,51288.6484375,29328.150390625,5956.0,12900.599609375,43937.8515625,18534.099609375
2023-06-05,14570.25,51058.3984375,29238.75,5975.89990234375,12934.5,44101.6484375,18593.849609375
2023-06-06,14729.5,51038.3984375,28689.05078125,5967.4501953125,13012.900390625,44164.55078125,18599.0
2023-06-07,14819.4501953125,51609.3984375,28913.69921875,6057.75,13045.650390625,44275.30078125,18726.400390625
2023-06-08,14692.0,51143.5,28591.099609375,6067.7001953125,12911.349609375,43995.25,18634.55078125
2023-06-09,14626.0,50674.8515625,28355.349609375,6039.35009765625,12861.0498046875,43989.0,18563.400390625
2023-06-12,14673.849609375,50762.55078125,28784.0,6076.2998046875,12856.0498046875,43944.19921875,18601.5
2023-06-13,14658.2998046875,51462.69921875,28899.30078125,6127.64990234375,12993.75,44079.8515625,18716.150390625
2023-06-14,14682.7001953125,51767.8984375,28855.05078125,6214.75,12976.7998046875,43988.0,18755.900390625
2023-06-15,14707.849609375,52046.44921875,28699.0,6203.0498046875,13160.599609375,43443.6015625,18688.099609375
2023-06-16,14768.4501953125,52440.19921875,28588.80078125,6231.5,13241.9501953125,43938.1484375,18826.0
2023-06-19,14676.7001953125,52123.8515625,28708.30078125,6203.5,13264.650390625,43633.75,18755.44921875
2023-06-20,14785.650390625,52164.69921875,28930.80078125,6246.64990234375,13238.849609375,43766.5,18816.69921875
2023-06-21,14777.7001953125,51934.25,29025.69921875,6187.75,13247.7001953125,43859.19921875,18856.849609375
2023-06-22,14702.099609375,51557.80078125,28811.150390625,6190.9501953125,13166.849609375,43724.8515625,18771.25
2023-06-23,14550.2001953125,51283.75,28554.30078125,6037.2001953125,13186.2998046875,43622.8984375,18665.5
2023-06-26,14717.849609375,51635.0,28590.099609375,6083.10009765625,13388.599609375,43641.05078125,18691.19921875
2023-06-27,14729.900390625,51598.6015625,28800.150390625,6127.64990234375,13426.900390625,44121.5,18817.400390625
2023-06-28,14840.5498046875,51893.3984375,28843.0,6211.0498046875,13622.75,44327.80078125,18972.099609375
2023-06-30,15147.650390625,52194.75,29563.0,6209.10009765625,13767.5,44747.3515625,19189.05078125
2023-07-03,15106.849609375,52741.5,29424.80078125,6275.4501953125,13614.0,45158.1015625,19322.55078125
2023-07-04,15035.0498046875,52814.80078125,29729.849609375,6275.2001953125,13675.4501953125,45301.44921875,19389.0
2023-07-05,15281.900390625,53776.19921875,29841.849609375,6292.2998046875,13772.0,45151.80078125,19398.5
2023-07-06,15453.7001953125,53765.6484375,29805.19921875,6325.35009765625,13871.599609375,45339.8984375,19497.30078125
2023-07-07,15498.849609375,52942.44921875,29560.44921875,6279.25,13769.0,44925.0,19331.80078125
2023-07-10,15403.2001953125,52536.1484375,29194.75,6385.10009765625,13751.7998046875,44860.8515625,19355.900390625
2023-07-11,15617.4501953125,53184.3984375,29324.80078125,6369.10009765625,13895.400390625,44745.05078125,19439.400390625
2023-07-12,15614.900390625,53279.5,29118.05078125,6363.25,13936.7001953125,44639.44921875,19384.30078125
2023-07-13,15519.7001953125,53029.94921875,29628.19921875,6379.7001953125,13876.5498046875,44665.05078125,19413.75
2023-07-14,15576.099609375,53453.69921875,30945.5,6469.4501953125,13945.650390625,44819.30078125,19564.5
2023-07-17,15526.7998046875,53471.6015625,31041.599609375,6500.5498046875,14053.7001953125,45449.75,19711.44921875
2023-07-18,15513.7998046875,53340.6484375,31371.150390625,6446.75,14017.150390625,45410.8515625,19749.25
2023-07-19,15513.150390625,53517.30078125,31353.55078125,6474.5498046875,14092.599609375,45669.30078125,19833.150390625
2023-07-20,15577.0,54239.69921875,31145.94921875,6485.25,14299.0498046875,46186.8984375,19979.150390625
2023-07-21,15590.349609375,53697.44921875,29871.05078125,6442.2998046875,14274.0,46075.19921875,19745.0
2023-07-24,15617.5498046875,52771.69921875,29843.44921875,6395.5498046875,14332.0498046875,45923.05078125,19672.349609375
2023-07-25,15765.599609375,52315.94921875,29761.150390625,6583.64990234375,14383.25,45845.0,19680.599609375
2023-07-26,15763.25,52865.30078125,29800.400390625,6604.9501953125,14478.349609375,46062.3515625,19778.30078125
2023-07-27,15572.0,52499.8984375,29745.0,6581.5498046875,14919.9501953125,45679.30078125,19659.900390625
2023-07-28,15537.900390625,52964.05078125,29490.25,6640.7998046875,14962.5498046875,45468.1015625,19646.05078125
2023-07-31,15708.0498046875,52636.8515625,29928.44921875,6758.2001953125,14992.150390625,45651.1015625,19753.80078125
2023-08-01,15688.7001953125,52501.1484375,30288.650390625,6770.14990234375,15001.2998046875,45592.5,19733.55078125
2023-08-02,15428.900390625,52368.69921875,30043.599609375,6633.4501953125,14943.400390625,44995.69921875,19526.55078125
2023-08-03,15379.7998046875,52062.3515625,29971.150390625,6602.2001953125,15099.2001953125,44513.44921875,19381.650390625
2023-08-04,15328.400390625,52050.6484375,30436.099609375,6622.89990234375,15241.0,44879.5,19517.0
2023-08-07,15390.900390625,52072.5,30779.25,6622.14990234375,15479.25,44837.5,19597.30078125
2023-08-08,15343.650390625,51924.3984375,30824.94921875,6544.7998046875,15578.5,44964.44921875,19570.849609375
2023-08-09,15486.2001953125,52206.19921875,30940.05078125,6677.85009765625,15696.849609375,44880.69921875,19632.55078125
2023-08-10,15444.7998046875,51728.6484375,30867.0,6723.2998046875,15580.7001953125,44541.80078125,19543.099609375
2023-08-11,15378.099609375,51351.69921875,30819.150390625,6688.85009765625,15355.5,44199.1015625,19428.30078125
2023-08-14,15327.4501953125,51604.3984375,31028.900390625,6545.9501953125,15305.400390625,44090.94921875,19434.55078125
2023-08-16,15425.0,51815.3984375,31212.099609375,6484.10009765625,15398.7998046875,43946.3984375,19465.0
2023-08-17,15399.25,51353.75,31060.19921875,6480.5,15358.4501953125,43891.3515625,19365.25
2023-08-18,15391.75,51464.75,30604.05078125,6493.7001953125,15271.5,43851.05078125,19310.150390625
2023-08-21,15427.599609375,51799.0,30937.599609375,6578.39990234375,15333.349609375,44002.0,19393.599609375
2023-08-22,15507.900390625,52141.6484375,30902.400390625,6634.39990234375,15302.599609375,43993.25,19396.44921875
2023-08-23,15498.099609375,51888.30078125,30924.099609375,6625.5498046875,15282.5,44479.05078125,19444.0
2023-08-24,15459.2998046875,52036.75,31112.150390625,6602.85009765625,15193.150390625,44496.19921875,19386.69921875
2023-08-25,15363.599609375,51506.80078125,30914.55078125,6519.35009765625,15025.2001953125,44231.44921875,19265.80078125
2023-08-28,15475.25,51390.80078125,30773.599609375,6533.2998046875,15161.7998046875,44494.6484375,19306.05078125
2023-08-29,15578.900390625,51223.05078125,30866.05078125,6616.7001953125,15121.099609375,44495.25,19342.650390625
2023-08-30,15678.099609375,51513.55078125,31103.900390625,6677.7998046875,15125.5,44232.6015625,19347.44921875
2023-08-31,15670.25,51092.6484375,31164.900390625,6659.35009765625,15095.900390625,43989.1484375,19253.80078125
2023-09-01,15928.2998046875,51240.5,31514.349609375,6851.0,15011.7998046875,44436.1015625,19435.30078125
2023-09-04,15943.599609375,51171.75,32163.94921875,7007.0498046875,15052.599609375,44578.30078125,19528.80078125
2023-09-05,15942.75,51548.44921875,32365.30078125,7039.14990234375,15218.25,44532.1484375,19574.900390625
2023-09-06,15921.25,52064.8515625,32312.30078125,6983.7001953125,15355.2998046875,44409.1015625,19611.05078125
2023-09-07,15995.849609375,51853.1015625,32448.349609375,6981.14990234375,15306.150390625,44878.3515625,19727.05078125
2023-09-08,16102.900390625,51778.30078125,32415.650390625,6977.89990234375,15250.5498046875,45156.3984375,19819.94921875
2023-09-11,16374.9501953125,52239.05078125,32642.80078125,7104.39990234375,15309.9501953125,45570.69921875,19996.349609375
2023-09-12,16070.0498046875,52065.8984375,32977.8984375,6914.5498046875,15328.650390625,45511.3515625,19993.19921875
2023-09-13,15995.9501953125,52223.6484375,32886.69921875,6943.64990234375,15448.9501953125,45909.44921875,20070.0
2023-09-14,16169.650390625,52143.19921875,33045.3984375,7046.89990234375,15489.2998046875,46000.8515625,20103.099609375
2023-09-15,16425.80078125,51895.1484375,33355.05078125,7035.7998046875,15583.5498046875,46231.5,20192.349609375
2023-09-18,16563.900390625,52198.6015625,33129.5,6957.7998046875,15503.4501953125,45979.8515625,20133.30078125
2023-09-20,16479.69921875,51924.1484375,32949.19921875,6844.0498046875,15460.2001953125,45384.6015625,19901.400390625
2023-09-21,16200.400390625,51672.6484375,32919.94921875,6806.60009765625,15306.7001953125,44623.8515625,19742.349609375
2023-09-22,16234.349609375,51608.5,32906.30078125,6761.7998046875,15069.099609375,44612.05078125,19674.25
2023-09-25,16221.5498046875,51642.44921875,32648.599609375,6754.25,15017.400390625,44766.1015625,19674.55078125
2023-09-26,16278.25,51912.8515625,32471.0,6775.2998046875,14981.650390625,44624.19921875,19664.69921875
2023-09-27,16283.400390625,52329.5,32594.650390625,6777.2998046875,15159.7998046875,44588.30078125,19716.44921875
2023-09-28,16092.2001953125,51329.1015625,31879.599609375,6712.0,15023.150390625,44300.94921875,19523.55078125
2023-09-29,16184.400390625,51602.6484375,31784.400390625,6839.2998046875,15422.75,44584.55078125,19638.30078125
2023-10-03,15990.599609375,51320.8515625,31717.25,6798.0,15281.2998046875,44399.05078125,19528.75
2023-10-04,15782.599609375,51435.75,31811.5,6725.9501953125,15067.150390625,43964.05078125,19436.099609375
2023-10-05,15916.099609375,51384.55078125,32125.400390625,6709.10009765625,15021.400390625,44213.3515625,19545.75
2023-10-06,15990.650390625,51577.8984375,32341.69921875,6744.39990234375,15128.4501953125,44360.6015625,19653.5
2023-10-09,15832.849609375,51502.8515625,32308.55078125,6647.14990234375,15103.849609375,43886.5,19512.349609375
2023-10-10,16028.7001953125,51803.94921875,32569.44921875,6783.14990234375,15106.7001953125,44360.1484375,19689.849609375
2023-10-11,16175.7998046875,52254.44921875,32548.05078125,6812.14990234375,15176.599609375,44516.8984375,19811.349609375
2023-10-12,16301.7001953125,52363.94921875,32003.650390625,6863.0498046875,15186.2001953125,44599.19921875,19794.0
2023-10-13,16444.94921875,52520.69921875,31807.94921875,6820.7998046875,15235.0498046875,44287.94921875,19751.05078125
2023-10-16,16519.349609375,52401.94921875,31750.400390625,6882.7998046875,15164.75,44225.8984375,19731.75
2023-10-17,16522.75,52665.30078125,31794.900390625,6902.0,15211.9501953125,44409.5,19811.5
2023-10-18,16535.400390625,52442.05078125,31606.650390625,6863.39990234375,15331.2998046875,43888.69921875,19671.099609375
2023-10-19,16618.0,52516.3515625,31540.05078125,6803.2998046875,15273.400390625,43754.5,19624.69921875
2023-10-20,16497.849609375,51823.3515625,31469.349609375,6712.75,15107.150390625,43723.05078125,19542.650390625
2023-10-23,16277.849609375,51421.6484375,30848.400390625,6494.0,14911.650390625,43151.19921875,19281.75
2023-10-25,16210.4501953125,51216.8515625,30530.5,6503.64990234375,14800.150390625,42832.0,19122.150390625
2023-10-26,15953.0498046875,50941.1015625,30225.650390625,6398.0498046875,14648.5498046875,42280.1484375,18857.25
2023-10-27,16169.150390625,51395.0,30599.69921875,6453.10009765625,14738.5,42782.0,19047.25
2023-10-30,16023.4501953125,51180.69921875,30641.0,6467.9501953125,14775.599609375,43039.1484375,19140.900390625
2023-10-31,15916.2001953125,51262.6015625,30582.25,6452.4501953125,14683.650390625,42845.94921875,19079.599609375
2023-11-01,15835.650390625,51087.80078125,30344.849609375,6359.89990234375,14735.25,42700.94921875,18989.150390625
2023-11-02,15948.650390625,51589.0,30582.75,6448.9501953125,14834.4501953125,43017.19921875,19133.25
2023-11-03,16045.400390625,51901.5,30779.94921875,6479.14990234375,14882.349609375,43318.25,19230.599609375
2023-11-06,16172.75,52075.69921875,30972.94921875,6567.10009765625,15072.2998046875,43619.3984375,19411.75
2023-11-07,16143.75,52130.0,30981.599609375,6576.85009765625,15271.75,43737.8984375,19406.69921875
2023-11-08,16220.7998046875,52455.19921875,30917.19921875,6626.2998046875,15497.25,43658.6484375,19443.5
2023-11-09,16355.2998046875,51983.0,30717.69921875,6599.64990234375,15491.849609375,43683.6015625,19395.30078125
2023-11-10,16286.7001953125,52076.05078125,30639.05078125,6646.0498046875,15516.5,43820.1015625,19425.349609375
2023-11-13,16365.2998046875,52025.6015625,30635.849609375,6714.10009765625,15497.150390625,43891.25,19443.55078125
2023-11-15,16648.5,52383.44921875,31429.349609375,6792.39990234375,15516.25,44201.69921875,19675.44921875
2023-11-16,16788.900390625,52305.75,32273.349609375,6792.39990234375,15651.099609375,44161.55078125,19765.19921875
2023-11-17,16905.5,52756.1015625,32191.349609375,6803.89990234375,15804.5,43583.94921875,19731.80078125
2023-11-20,16777.30078125,52550.1015625,32383.19921875,6771.5498046875,15806.75,43584.94921875,19694.0
2023-11-21,16860.099609375,52466.19921875,32325.69921875,6854.2001953125,15968.900390625,43689.1484375,19783.400390625
2023-11-22,16972.19921875,52691.19921875,32564.400390625,6792.64990234375,16069.7998046875,43449.6015625,19811.849609375
2023-11-23,17033.55078125,52823.05078125,32370.650390625,6828.35009765625,15817.4501953125,43577.5,19802.0
2023-11-24,17040.349609375,52576.8984375,32055.150390625,6874.25,15954.5,43769.1015625,19794.69921875
2023-11-28,17202.75,52489.5,32118.5,7001.64990234375,15900.2998046875,43880.94921875,19889.69921875
2023-11-29,17482.44921875,52725.44921875,32608.400390625,7016.39990234375,15990.099609375,44566.44921875,20096.599609375
2023-11-30,17551.849609375,53013.80078125,32582.19921875,7017.4501953125,16238.900390625,44481.75,20133.150390625
2023-12-01,17489.05078125,53851.44921875,32598.69921875,7087.0,16257.0498046875,44814.19921875,20267.900390625
2023-12-04,17687.25,54237.69921875,32665.55078125,7202.60009765625,16228.400390625,46431.3984375,20686.80078125
2023-12-05,17792.099609375,54110.8984375,32479.150390625,7423.39990234375,16229.650390625,47012.25,20855.099609375
2023-12-06,17788.400390625,54662.55078125,33022.6015625,7425.35009765625,16169.5498046875,46834.55078125,20937.69921875
2023-12-07,17867.349609375,54173.1484375,32961.6015625,7369.85009765625,16294.2001953125,46841.3984375,20901.150390625
2023-12-08,17769.099609375,53636.3515625,33392.8984375,7362.89990234375,16163.150390625,47262.0,20969.400390625
2023-12-11,17852.30078125,53976.8984375,33514.25,7439.7001953125,16039.900390625,47314.25,20997.099609375
2023-12-12,17726.5,53837.0,33493.8984375,7462.60009765625,15963.5,47097.55078125,20906.400390625
2023-12-13,17917.900390625,54215.3515625,33066.6484375,7528.2001953125,16142.400390625,47092.25,20926.349609375
2023-12-14,18045.05078125,54361.44921875,34223.3515625,7574.25,16155.7001953125,47732.30078125,21182.69921875
2023-12-15,18038.25,54186.19921875,35782.44921875,7735.35009765625,16179.7998046875,48143.55078125,21456.650390625
2023-12-18,18068.25,54017.05078125,35685.55078125,7768.5498046875,16332.150390625,47867.69921875,21418.650390625
2023-12-19,17932.69921875,54776.55078125,35345.0,7716.64990234375,16391.25,47870.8984375,21453.099609375
2023-12-20,17523.55078125,54597.8984375,34741.05078125,7421.5498046875,16121.25,47445.30078125,21150.150390625
2023-12-21,17537.849609375,54803.30078125,34846.05078125,7524.0,16238.150390625,47840.1484375,21255.05078125
2023-12-22,17778.900390625,55101.05078125,35637.80078125,7652.64990234375,16394.349609375,47491.8515625,21349.400390625
2023-12-26,17953.55078125,55484.3984375,35493.44921875,7739.7998046875,16562.599609375,47724.8515625,21441.349609375
2023-12-27,18224.849609375,55750.3515625,35741.0,7847.75,16655.94921875,48282.19921875,21654.75
2023-12-28,18408.599609375,56504.5,35691.6484375,7926.35009765625,16860.849609375,48508.55078125,21778.69921875
2023-12-29,18618.19921875,56987.19921875,35515.0,7978.0,16831.80078125,48292.25,21731.400390625
2024-01-01,,,35695.8984375,,16858.75,48234.30078125,21741.900390625
2024-01-02,18339.349609375,57209.5,35283.1015625,8023.89990234375,17274.30078125,47761.6484375,21665.80078125
2024-01-03,18317.5,57213.30078125,34395.44921875,7878.39990234375,17379.80078125,47704.94921875,21517.349609375
2024-01-04,18326.75,57703.8984375,34409.3984375,7883.0498046875,17413.19921875,48195.8515625,21658.599609375
2024-01-05,18406.94921875,57667.3515625,34851.75,7871.7998046875,17358.599609375,48159.0,21710.80078125
2024-01-08,18350.19921875,56672.8515625,34514.6484375,7747.0,17195.94921875,47450.25,21513.0
2024-01-09,18519.80078125,56573.1015625,34662.44921875,7808.2998046875,17346.30078125,47242.6484375,21544.849609375
2024-01-10,18559.099609375,56348.94921875,34834.3515625,7882.64990234375,17401.900390625,47360.8515625,21618.69921875
2024-01-11,18755.099609375,56228.55078125,34735.25,7876.14990234375,17380.55078125,47438.3515625,21647.19921875
2024-01-12,18715.19921875,56485.75,36521.69921875,7898.35009765625,17347.44921875,47709.80078125,21894.55078125
2024-01-15,18765.25,56657.30078125,37201.94921875,7864.10009765625,17520.44921875,48158.30078125,22097.44921875
2024-01-16,18712.69921875,56755.8515625,36727.1015625,7941.85009765625,17320.150390625,48125.1015625,22032.30078125
2024-01-17,18447.25,56259.5,36960.3984375,7693.5498046875,17154.0,46064.44921875,21571.94921875
2024-01-18,18496.25,55953.6015625,36730.5,7629.10009765625,17331.25,45713.55078125,21462.25
2024-01-19,18694.599609375,56640.5,37069.25,7732.35009765625,17388.0,45701.1484375,21622.400390625
2024-01-23,18361.0,54973.8984375,36521.3515625,7486.85009765625,17520.30078125,45015.05078125,21238.80078125
2024-01-24,18593.69921875,55858.69921875,37090.1484375,7708.64990234375,17763.69921875,45082.3984375,21453.94921875
2024-01-25,18614.900390625,55214.1015625,36496.19921875,7719.64990234375,17532.55078125,44866.1484375,21352.599609375
2024-01-29,18927.25,55139.1015625,36531.8984375,7843.75,17623.599609375,45442.3515625,21737.599609375
2024-01-30,18878.349609375,54574.3515625,36381.94921875,7864.0,17470.150390625,45367.75,21522.099609375
2024-01-31,19227.150390625,55071.3984375,36638.3984375,7973.10009765625,17938.650390625,45996.80078125,21725.69921875
2024-02-01,19328.69921875,55215.80078125,36534.55078125,7891.0498046875,17839.19921875,46188.6484375,21697.44921875
2024-02-02,19380.5,55118.3984375,37323.25,8078.25,17972.099609375,45970.94921875,21853.80078125
2024-02-05,19615.30078125,54698.3984375,37162.1484375,8109.5498046875,18292.94921875,45825.55078125,21771.69921875
2024-02-06,19903.849609375,54608.80078125,38246.30078125,8238.25,18488.05078125,45690.80078125,21929.400390625
2024-02-07,19903.80078125,54772.6015625,37767.75,8276.650390625,18564.849609375,45818.5,21930.5
2024-02-08,19649.5,53646.19921875,37851.6015625,8221.849609375,18520.30078125,45012.0,21717.94921875
2024-02-09,19576.0,53867.1015625,37699.25,8095.60009765625,18617.099609375,45634.55078125,21782.5
2024-02-12,19419.599609375,53292.94921875,37998.0,7901.64990234375,18669.55078125,44882.25,21616.05078125
2024-02-13,19433.05078125,53432.05078125,38204.0,7737.85009765625,18753.94921875,45502.3984375,21743.25
2024-02-14,19716.0,53839.05078125,37775.3984375,7874.7998046875,18584.349609375,45908.30078125,21840.05078125
2024-02-15,19981.69921875,53321.3515625,37999.55078125,7910.60009765625,18567.69921875,46218.8984375,21910.75
2024-02-16,20423.44921875,53518.6015625,38477.05078125,7976.4501953125,18870.80078125,46384.8515625,22040.69921875
2024-02-19,,,38363.19921875,,19037.69921875,46535.5,22122.25
2024-02-20,20354.25,53882.5,38029.69921875,7955.7998046875,18993.0,47094.19921875,22196.94921875
2024-02-21,20252.55078125,53892.3515625,37405.8984375,7976.4501953125,18916.44921875,47019.69921875,22055.05078125
2024-02-22,20584.849609375,54419.19921875,38130.1484375,8069.39990234375,18969.44921875,46919.80078125,22217.44921875
2024-02-23,20621.349609375,54337.75,38045.6484375,8047.75,19048.400390625,46811.75,22212.69921875
2024-02-26,20642.400390625,54317.30078125,37598.6484375,7971.75,18956.44921875,46576.5,22122.05078125
2024-02-27,20788.55078125,54306.44921875,37870.25,8000.5498046875,19064.19921875,46588.05078125,22198.349609375
2024-02-28,20372.349609375,53824.8984375,37741.75,7850.35009765625,18942.55078125,45963.1484375,21951.150390625
2024-02-29,20412.400390625,54015.6015625,37720.3984375,7921.89990234375,19003.150390625,46120.8984375,21982.80078125
2024-03-01,20871.94921875,54225.1484375,37516.05078125,8208.5,18822.30078125,47286.8984375,22338.75
2024-03-04,20840.19921875,54221.75,37314.80078125,8318.9501953125,18960.19921875,47456.1015625,22405.599609375
2024-03-05,21121.19921875,53653.1015625,36720.75,8300.5498046875,19018.5,47581.0,22356.30078125
2024-03-06,21181.30078125,53879.6015625,37001.80078125,8257.650390625,19140.0,47965.3984375,22474.05078125
2024-03-07,21126.80078125,54406.30078125,37099.8984375,8371.2998046875,19194.099609375,47835.80078125,22493.55078125
2024-03-11,21001.150390625,54087.44921875,36988.30078125,8250.75,19202.05078125,47327.8515625,22332.650390625
2024-03-12,20931.849609375,53636.1015625,37224.25,8108.39990234375,18958.69921875,47282.3984375,22335.69921875
2024-03-13,20338.25,53664.1484375,36946.44921875,7647.39990234375,18635.69921875,46981.30078125,21997.69921875
2024-03-14,20514.25,54145.80078125,37679.6015625,7799.9501953125,18897.099609375,46789.94921875,22146.650390625
2024-03-15,20192.30078125,54155.44921875,37500.69921875,7802.64990234375,18718.44921875,46594.1015625,22023.349609375
2024-03-18,20446.599609375,53907.8515625,36886.05078125,7996.89990234375,18814.349609375,46575.8984375,22055.69921875
2024-03-19,20354.099609375,52740.8984375,35814.6484375,7923.60009765625,18405.650390625,46384.80078125,21817.44921875
2024-03-20,20406.44921875,52993.5,35748.8984375,7860.89990234375,18361.400390625,46310.8984375,21839.099609375
2024-03-21,20700.25,53338.3515625,36026.80078125,8052.75,18582.599609375,46684.8984375,22011.94921875
2024-03-22,21046.400390625,53775.69921875,35188.3984375,8130.7998046875,18815.599609375,46863.75,22096.75
2024-03-26,21038.30078125,53687.69921875,34969.1015625,8161.2001953125,18809.44921875,46600.19921875,22004.69921875
2024-03-27,21146.19921875,53543.55078125,34744.3515625,8154.9501953125,18768.400390625,46785.94921875,22123.650390625
2024-03-28,21419.099609375,53949.19921875,34898.1484375,8257.2001953125,18996.150390625,47124.6015625,22326.900390625
2024-04-01,21385.25,53889.1484375,35042.80078125,8562.7001953125,19207.900390625,47578.25,22462.0
2024-04-02,21614.25,54096.94921875,34793.94921875,8690.849609375,19185.150390625,47545.44921875,22453.30078125
2024-04-03,21555.349609375,53866.69921875,35047.3984375,8691.2001953125,19153.05078125,47624.25,22434.650390625
2024-04-04,21651.849609375,53634.44921875,35426.69921875,8684.4501953125,19125.19921875,48060.80078125,22514.650390625
2024-04-05,21600.900390625,53925.94921875,35247.8984375,8699.0498046875,19160.75,48493.05078125,22513.69921875
2024-04-08,22067.94921875,53966.05078125,35064.1484375,8794.650390625,19218.849609375,48581.69921875,22666.30078125
2024-04-09,21999.349609375,53629.3515625,35079.3515625,8894.400390625,19182.30078125,48730.55078125,22642.75
2024-04-10,21985.150390625,54290.8984375,35293.1484375,8999.599609375,19117.0,48986.6015625,22753.80078125
2024-04-12,21851.30078125,53701.3984375,35018.1015625,8951.2998046875,18788.650390625,48564.55078125,22519.400390625
2024-04-15,21680.30078125,53174.94921875,34463.6015625,8899.7001953125,18617.650390625,47773.25,22272.5
2024-04-16,21703.05078125,53402.25,33574.94921875,8851.9501953125,18695.599609375,47484.80078125,22147.900390625
2024-04-18,21520.75,52825.5,33498.6484375,8824.25,18525.75,47069.44921875,21995.849609375
2024-04-19,21609.69921875,53055.44921875,33368.30078125,8909.0,18404.599609375,47574.1484375,22147.0
2024-04-22,21812.69921875,53499.44921875,33538.80078125,8931.2001953125,18643.0,47924.8984375,22336.400390625
2024-04-23,21914.30078125,53905.30078125,33714.55078125,8900.4501953125,18463.75,47970.44921875,22368.0
2024-04-24,21896.900390625,53932.5,33442.55078125,9140.099609375,18586.19921875,48189.0,22402.400390625
2024-04-25,22174.05078125,54291.6484375,33554.44921875,9242.0,18878.150390625,48494.94921875,22570.349609375
2024-04-26,22111.55078125,54300.75,33666.25,9222.650390625,18994.650390625,48201.05078125,22419.94921875
2024-04-29,22078.75,54332.1484375,33579.3984375,9268.7998046875,19096.900390625,49424.05078125,22643.400390625
2024-04-30,22479.900390625,54240.6015625,33200.94921875,9175.7998046875,18970.599609375,49396.75,22604.849609375
2024-05-02,22733.5,54490.55078125,33203.3515625,9279.5498046875,19124.44921875,49231.05078125,22648.19921875
2024-05-03,22541.349609375,54273.8984375,32908.3984375,9276.2998046875,19133.400390625,48923.55078125,22475.849609375
2024-05-06,22526.599609375,54660.1484375,33217.1484375,9189.75,19203.30078125,48895.30078125,22442.69921875
2024-05-07,22114.0,55765.55078125,33473.0,8969.900390625,18846.30078125,48285.3515625,22302.5
2024-05-08,22458.650390625,56008.80078125,33335.1484375,9102.349609375,18850.849609375,48021.1015625,22302.5
2024-05-09,22633.30078125,54625.1015625,33205.8515625,8841.25,18437.05078125,47487.8984375,21957.5
2024-05-10,22846.900390625,55276.5,32935.1484375,8977.4501953125,18609.44921875,47421.1015625,22055.19921875
2024-05-13,22462.650390625,55340.69921875,33074.6015625,9094.7998046875,18939.0,47754.1015625,22104.05078125
2024-05-14,22874.80078125,55054.30078125,33122.8515625,9347.150390625,18860.849609375,47859.44921875,22217.849609375
2024-05-15,22759.849609375,54555.94921875,33117.3984375,9376.900390625,18886.55078125,47687.44921875,22200.55078125
2024-05-16,22886.849609375,54997.0,33668.44921875,9405.400390625,18996.150390625,47977.05078125,22403.849609375
2024-05-17,23285.650390625,55064.69921875,33381.8515625,9557.9501953125,18981.599609375,48115.6484375,22466.099609375
2024-05-21,23353.75,54969.25,33379.75,9981.150390625,19205.19921875,48048.19921875,22529.05078125
2024-05-22,23324.099609375,55753.8984375,33613.1015625,9919.4501953125,19317.400390625,47781.94921875,22597.80078125
2024-05-23,23849.25,55899.0,34042.8515625,9959.4501953125,19216.349609375,48768.6015625,22967.650390625
2024-05-24,23891.44921875,55449.1484375,33824.30078125,9928.400390625,19119.5,48971.6484375,22957.099609375
2024-05-27,23877.150390625,55260.5,33995.25,9866.400390625,19111.94921875,49281.80078125,22932.44921875
2024-05-28,23814.25,55271.94921875,33880.8515625,9815.0498046875,19215.75,49142.1484375,22888.150390625
2024-05-29,23757.94921875,54974.25,33542.69921875,9841.2001953125,19321.349609375,48501.3515625,22704.69921875
2024-05-30,23471.0,54280.1015625,32806.75,9545.25,18971.0,48682.3515625,22488.650390625
2024-05-31,23419.599609375,54107.3515625,32386.099609375,9723.599609375,18796.30078125,48983.94921875,22530.69921875
2024-06-03,23992.69921875,54653.6015625,32511.400390625,10048.5498046875,18864.150390625,50979.94921875,23263.900390625
2024-06-04,23193.30078125,55172.5,32315.55078125,8980.150390625,18603.150390625,46928.6015625,21884.5
2024-06-05,24283.75,57567.3984375,33087.94921875,9496.599609375,19281.25,49054.6015625,22620.349609375
2024-06-06,24396.69921875,57373.6015625,34023.80078125,9632.5,19232.099609375,49291.8984375,22821.400390625
2024-06-07,25020.19921875,57953.3515625,35169.8984375,9833.599609375,19578.0,49803.19921875,23290.150390625
2024-06-10,25022.650390625,57991.75,34526.25,9795.849609375,19774.69921875,49780.8984375,23259.19921875
2024-06-11,25230.80078125,57792.8515625,34531.44921875,9789.5498046875,19689.69921875,49705.75,23264.849609375
2024-06-12,25217.599609375,57495.55078125,34547.44921875,9838.349609375,19739.099609375,49895.1015625,23322.94921875
2024-06-13,25393.19921875,57117.0,34902.05078125,9840.25,19838.5,49846.69921875,23398.900390625
2024-06-14,25722.099609375,57225.8515625,34598.55078125,9912.099609375,19895.650390625,50002.0,23465.599609375
2024-06-18,25715.30078125,57167.3984375,34802.94921875,9890.2001953125,19826.650390625,50440.8984375,23557.900390625
2024-06-19,25381.69921875,56646.55078125,34927.1015625,9773.2998046875,19644.5,51398.05078125,23516.0
2024-06-20,25267.849609375,56669.6484375,34936.44921875,9951.0498046875,19544.55078125,51783.25,23567.0
2024-06-21,25092.30078125,55990.1015625,35200.30078125,9990.900390625,19528.400390625,51661.44921875,23501.099609375
2024-06-24,25309.80078125,56392.69921875,35143.80078125,9926.849609375,19521.150390625,51703.94921875,23537.849609375
2024-06-25,25250.25,56246.3515625,35426.8984375,9857.4501953125,19532.30078125,52606.0,23721.30078125
2024-06-26,25018.900390625,56465.19921875,35406.6015625,9714.2998046875,19545.349609375,52870.5,23868.80078125
2024-06-27,25191.400390625,56670.6015625,36123.69921875,9767.400390625,19514.80078125,52811.30078125,24044.5
2024-06-28,25200.599609375,56756.8515625,36157.5,9814.2998046875,19731.55078125,52342.25,24010.599609375
2024-07-01,25323.849609375,57154.69921875,36869.19921875,9882.7998046875,19758.25,52574.75,24141.94921875
2024-07-02,25130.849609375,56669.19921875,37299.1484375,9835.7001953125,19786.400390625,52168.1015625,24123.849609375
2024-07-03,25182.80078125,57177.55078125,37314.3515625,9940.099609375,19915.30078125,53089.25,24286.5
2024-07-04,25366.44921875,57058.3984375,37725.8984375,9936.7998046875,20192.599609375,53103.69921875,24302.150390625
2024-07-05,25398.30078125,57673.0,37720.75,9970.5,20453.849609375,52660.3515625,24323.849609375
2024-07-08,25260.5,58611.19921875,37742.25,9877.349609375,20325.80078125,52425.80078125,24320.55078125
2024-07-09,25823.55078125,59182.6484375,37668.6484375,9881.900390625,20645.80078125,52568.80078125,24433.19921875
2024-07-10,25302.80078125,59349.6015625,37280.75,9722.7998046875,20725.94921875,52189.30078125,24324.44921875
2024-07-11,25257.25,59516.69921875,37332.6015625,9723.25,20601.69921875,52270.6484375,24315.94921875
2024-07-12,25145.44921875,59725.75,39023.0,9708.2001953125,20612.650390625,52278.8984375,24502.150390625
2024-07-15,25419.80078125,60070.69921875,38911.3515625,9729.599609375,20844.55078125,52455.8984375,24586.69921875
2024-07-16,25482.900390625,60645.1484375,39141.5,9722.0,20765.44921875,52396.80078125,24613.0
2024-07-18,25576.69921875,61225.3515625,40010.3984375,9636.9501953125,20768.349609375,52620.69921875,24800.849609375
2024-07-19,24963.349609375,61087.8984375,39923.30078125,9256.2998046875,20425.400390625,52265.6015625,24530.900390625
2024-07-22,25250.75,60881.75,39773.1484375,9350.599609375,20641.55078125,52280.3984375,24509.25
2024-07-23,25321.69921875,62511.25,40044.69921875,9263.099609375,20755.349609375,51778.30078125,24479.05078125
2024-07-24,25309.05078125,62182.3515625,40115.05078125,9267.150390625,20908.5,51317.0,24413.5
2024-07-25,25627.349609375,62139.5,40055.5,9148.0,21105.5,50888.75,24406.099609375
2024-07-26,26250.69921875,62728.80078125,40977.3515625,9423.400390625,21603.099609375,51295.94921875,24834.849609375
2024-07-29,26426.55078125,62513.8515625,40820.1015625,9450.2998046875,21674.94921875,51406.25,24836.099609375
2024-07-30,26580.94921875,61819.0,40776.3515625,9468.349609375,21540.80078125,51499.30078125,24857.30078125
2024-07-31,26685.25,62082.19921875,40851.1015625,9583.400390625,21777.150390625,51553.3984375,24951.150390625
2024-08-01,26487.44921875,62173.19921875,40709.3984375,9573.2001953125,21790.349609375,51564.0,25010.900390625
2024-08-02,25714.44921875,61745.1484375,39730.30078125,9314.5498046875,21902.849609375,51350.1484375,24717.69921875
2024-08-05,24706.5,61550.44921875,38435.94921875,8862.5,21583.05078125,50092.1015625,24055.599609375
2024-08-06,24520.05078125,61604.1484375,38624.19921875,8888.9501953125,21562.55078125,49748.30078125,23992.55078125
2024-08-07,24937.599609375,62322.6484375,39194.80078125,9128.4501953125,22036.94921875,50119.0,24297.5
2024-08-08,24917.349609375,62042.55078125,38448.30078125,8969.25,22114.25,50156.69921875,24117.0
2024-08-09,25346.650390625,62157.3515625,39043.30078125,9038.2998046875,22209.55078125,50484.5,24367.5
2024-08-12,25278.94921875,61668.44921875,39109.55078125,9106.25,22205.599609375,50577.94921875,24347.0
2024-08-13,25081.849609375,61495.75,39114.8515625,8957.150390625,22191.599609375,49831.8515625,24139.0
2024-08-14,25093.5,61305.30078125,39731.25,8844.2998046875,22012.69921875,49727.30078125,24143.75
2024-08-16,25597.349609375,62213.0,40878.25,8994.099609375,22106.5,50516.8984375,24541.150390625
2024-08-19,25368.75,62326.05078125,41236.8515625,9161.9501953125,22237.849609375,50368.3515625,24572.650390625
2024-08-20,25500.0,62240.6015625,41572.80078125,9204.650390625,22374.25,50803.1484375,24698.849609375
2024-08-21,25586.75,63091.8984375,41570.8515625,9264.0498046875,22577.900390625,50685.55078125,24770.19921875
2024-08-22,25563.650390625,63483.6015625,41506.19921875,9326.25,22546.099609375,50985.69921875,24811.5
2024-08-23,25850.69921875,63409.25,41089.8515625,9290.5,22527.849609375,50933.44921875,24823.150390625
2024-08-26,25941.44921875,63657.94921875,41662.1015625,9490.75,22554.94921875,51148.1015625,25010.599609375
2024-08-27,25911.900390625,62981.1484375,41709.25,9432.75,22729.0,51278.75,25017.75
2024-08-28,25879.400390625,62713.6015625,42394.3984375,9414.7998046875,22989.099609375,51143.8515625,25052.349609375
2024-08-29,26020.400390625,63162.94921875,42591.6484375,9369.9501953125,22878.05078125,51152.75,25151.94921875
2024-08-30,26172.80078125,63059.75,42787.80078125,9405.25,23217.599609375,51351.0,25235.900390625
2024-09-02,26071.400390625,63578.6015625,42975.6015625,9307.150390625,22987.44921875,51439.55078125,25278.69921875
2024-09-03,26034.650390625,63485.75,42851.30078125,9254.75,23014.30078125,51689.1015625,25279.849609375
2024-09-04,25934.25,63742.8984375,42450.5,9185.5,23184.400390625,51400.25,25198.69921875
2024-09-05,25835.30078125,63700.3984375,42644.6484375,9212.9501953125,23156.69921875,51473.05078125,25145.099609375
2024-09-06,25527.150390625,63175.69921875,42228.8984375,9161.150390625,23043.400390625,50576.8515625,24852.150390625
2024-09-09,25495.25,64465.8515625,41919.05078125,9099.0,23009.400390625,51117.80078125,24936.400390625
2024-09-10,25556.44921875,64584.94921875,42644.19921875,9156.2001953125,23256.849609375,51272.30078125,25041.099609375
2024-09-11,25240.599609375,64768.1484375,42473.30078125,9028.2001953125,23220.400390625,51010.0,24918.44921875
2024-09-12,25779.80078125,65513.19921875,43152.1015625,9290.849609375,23429.599609375,51772.3984375,25388.900390625
2024-09-13,25820.849609375,65062.80078125,43394.3515625,9370.650390625,23457.650390625,51938.05078125,25356.5
2024-09-16,25829.650390625,64597.0,43352.6484375,9427.7001953125,23448.75,52153.1484375,25383.75
2024-09-17,25896.400390625,64686.44921875,43415.0,9388.150390625,23383.650390625,52188.6484375,25418.55078125
2024-09-18,25804.44921875,64615.05078125,42089.30078125,9310.5498046875,23025.19921875,52750.3984375,25377.55078125
2024-09-19,25907.650390625,64975.80078125,41945.6015625,9251.2001953125,22930.150390625,53037.6015625,25415.80078125
2024-09-20,26394.55078125,65870.796875,42204.3984375,9404.2998046875,23005.25,53793.19921875,25790.94921875
2024-09-23,26805.400390625,66305.203125,41987.44921875,9454.849609375,23134.25,54105.80078125,25939.05078125
2024-09-24,26920.44921875,65796.6484375,42243.94921875,9735.400390625,23188.400390625,53968.6015625,25940.400390625
2024-09-25,26888.349609375,65521.69921875,41960.94921875,9777.150390625,23249.0,54101.6484375,26004.150390625
2024-09-26,27496.25,66156.8984375,42160.8984375,9985.7001953125,23250.900390625,54375.3515625,26216.05078125
2024-09-27,27610.75,65845.453125,42312.6015625,10064.599609375,23519.099609375,53834.30078125,26178.94921875
2024-09-30,27027.19921875,65540.3515625,41946.1015625,10198.349609375,23281.19921875,52978.1015625,25810.849609375
2024-10-01,27083.44921875,65470.94921875,42434.80078125,10222.9501953125,23296.55078125,52922.6015625,25796.900390625
2024-10-03,26302.099609375,64502.05078125,41762.6015625,10155.0,23178.75,51845.19921875,25250.099609375
2024-10-04,25926.30078125,63380.05078125,41912.5,10113.2001953125,23094.69921875,51462.05078125,25014.599609375
2024-10-07,25807.150390625,63028.3515625,42190.6015625,9886.2998046875,22977.80078125,50478.8984375,24795.75
2024-10-08,26236.099609375,63326.55078125,42387.55078125,9794.4501953125,23307.94921875,51021.0,25013.150390625
2024-10-09,26450.25,62334.3515625,42622.75,9800.75,23783.80078125,51007.0,24981.94921875
2024-10-10,26528.5,62056.30078125,42088.80078125,9839.9501953125,23305.150390625,51530.8984375,24998.44921875
2024-10-11,26436.599609375,62080.19921875,42335.69921875,9932.7001953125,23582.25,51172.30078125,24964.25
2024-10-14,26463.55078125,62372.30078125,42872.75,9905.0,23680.0,51816.8984375,25127.94921875
2024-10-15,26242.599609375,62607.69921875,42731.30078125,9762.0498046875,23555.69921875,51906.0,25057.349609375
2024-10-16,25909.0,62373.25,42230.69921875,9741.7001953125,23467.349609375,51801.05078125,24971.30078125
2024-10-17,24991.19921875,61352.75,42734.3515625,9603.2998046875,23254.0,51288.80078125,24749.849609375
2024-10-18,25146.900390625,61042.1015625,42106.5,9753.900390625,23356.19921875,52094.19921875,24854.05078125
2024-10-21,25251.849609375,60280.25,41562.69921875,9606.7998046875,23122.69921875,51962.69921875,24781.099609375
2024-10-22,24627.25,60000.94921875,41238.80078125,9318.7998046875,22828.19921875,51257.1484375,24472.099609375
2024-10-23,24451.30078125,60097.6484375,42222.1015625,9295.25,22471.599609375,51239.0,24435.5
2024-10-24,24324.849609375,58396.8984375,42139.8515625,9273.4501953125,22570.80078125,51531.1484375,24399.400390625
2024-10-25,23799.30078125,58908.5,42038.8515625,9048.9501953125,22574.55078125,50787.44921875,24180.80078125
2024-10-28,23964.44921875,59252.6484375,42205.3984375,9278.400390625,22857.25,51259.30078125,24339.150390625
2024-10-29,23588.599609375,59203.8515625,42031.44921875,9338.75,22601.400390625,52320.69921875,24466.849609375
2024-10-30,23594.0,59748.8984375,41668.6015625,9342.4501953125,22374.94921875,51807.5,24340.849609375
2024-10-31,23514.69921875,59203.0,40407.55078125,9326.849609375,22735.55078125,51475.3515625,24205.349609375
2024-11-01,23805.599609375,59433.19921875,40433.6484375,9390.2998046875,22807.150390625,51673.8984375,24304.349609375
2024-11-04,23573.19921875,58743.69921875,40421.80078125,9242.900390625,22638.30078125,51215.25,23995.349609375
2024-11-05,23839.599609375,58542.19921875,40424.6015625,9505.400390625,22661.25,52207.25,24213.30078125
2024-11-06,24137.900390625,58754.80078125,42039.5,9656.4501953125,22920.349609375,52317.3984375,24484.05078125
2024-11-07,23812.5,58180.25,41752.3984375,9392.849609375,22526.94921875,51916.5,24199.349609375
2024-11-08,23805.19921875,58359.3984375,42050.1484375,9308.900390625,22542.25,51561.19921875,24148.19921875
2024-11-11,23729.44921875,57843.94921875,42590.30078125,9216.25,22344.25,51876.75,24141.30078125
2024-11-12,23269.099609375,56902.55078125,42609.55078125,9078.5,22151.599609375,51157.80078125,23883.44921875
2024-11-13,22765.19921875,56647.8515625,42369.5,8836.75,21809.30078125,50088.3515625,23559.05078125
2024-11-14,22914.5,55782.69921875,42390.8515625,8828.7001953125,21752.0,50179.55078125,23532.69921875
2024-11-18,23043.849609375,56314.3515625,41406.55078125,8996.650390625,21544.150390625,50363.80078125,23453.80078125
2024-11-19,23359.5,56378.55078125,41748.3515625,8920.349609375,21768.849609375,50626.5,23518.5
2024-11-21,23145.900390625,55693.69921875,41952.80078125,8717.400390625,21740.099609375,50372.8984375,23349.900390625
2024-11-22,23554.099609375,56956.44921875,43332.1015625,8846.2001953125,21962.05078125,51135.3984375,23907.25
2024-11-25,23716.44921875,57358.19921875,43618.1484375,8883.0,22177.05078125,52207.5,24221.900390625
2024-11-26,23413.0,57838.25,44085.94921875,8916.7001953125,21961.75,52191.5,24194.5
2024-11-27,23517.349609375,58028.6015625,44018.69921875,8987.349609375,21828.599609375,52301.80078125,24274.900390625
2024-11-28,23134.69921875,57706.05078125,42968.75,8964.849609375,21728.599609375,51906.8515625,23914.150390625
2024-11-29,23368.55078125,57943.69921875,43146.25,9034.0,22240.19921875,52055.6015625,24131.099609375
2024-12-02,23599.599609375,57917.0,43547.0,9133.599609375,22450.19921875,52109.0,24276.05078125
2024-12-03,23752.400390625,57689.19921875,43754.94921875,9246.25,22445.69921875,52695.75,24457.150390625
2024-12-04,23584.0,57270.3515625,43949.25,9230.099609375,22422.900390625,53266.8984375,24467.44921875
2024-12-05,23736.25,57605.19921875,44806.3984375,9282.75,22463.400390625,53603.55078125,24708.400390625
2024-12-06,23960.25,57744.30078125,44716.05078125,9397.150390625,22434.75,53509.5,24677.80078125
2024-12-09,23775.05078125,56460.6015625,44832.0,9455.25,22309.099609375,53407.75,24619.0
2024-12-10,23767.05078125,56530.25,45199.75,9475.349609375,22291.44921875,53577.69921875,24610.05078125
2024-12-11,23851.849609375,56766.80078125,45350.3515625,9483.650390625,22302.599609375,53391.3515625,24641.80078125
2024-12-12,23660.30078125,56146.69921875,45701.6484375,9507.75,22229.30078125,53216.44921875,24548.69921875
2024-12-13,23773.099609375,56869.3984375,45995.80078125,9439.2998046875,22157.349609375,53583.80078125,24768.30078125
2024-12-16,23790.5,56697.19921875,45653.6015625,9347.75,22255.55078125,53581.3515625,24668.25
2024-12-17,23417.80078125,56467.44921875,45413.75,9194.9501953125,22074.55078125,52834.80078125,24336.0
2024-12-18,23241.25,56467.80078125,45526.8515625,9069.900390625,22314.55078125,52139.55078125,24198.849609375
2024-12-19,23070.900390625,56157.8984375,44954.19921875,8977.2001953125,22697.900390625,51575.69921875,23951.69921875
2024-12-20,22580.0,55600.80078125,43771.05078125,8813.25,22501.849609375,50759.19921875,23587.5
2024-12-23,22557.75,56135.05078125,43828.3515625,8891.400390625,22572.05078125,51317.6015625,23753.44921875
2024-12-24,22685.55078125,56439.30078125,43668.8984375,8817.599609375,22558.900390625,51233.0,23727.650390625
2024-12-26,22876.099609375,56258.0,43664.25,8805.25,22712.55078125,51170.69921875,23750.19921875
2024-12-27,23099.05078125,56444.25,43721.3984375,8720.7001953125,23008.349609375,51311.30078125,23813.400390625
2024-12-30,22768.25,56618.3984375,43971.44921875,8609.849609375,23241.150390625,50952.75,23644.900390625
2024-12-31,22834.0,56799.6484375,43337.80078125,8649.900390625,23412.25,50860.19921875,23644.80078125
2025-01-01,,,43373.1015625,,23459.75,51060.6015625,23742.900390625
2025-01-02,24016.19921875,57671.3515625,44351.75,8723.349609375,23553.400390625,51605.55078125,24188.650390625
2025-01-03,24005.0,57817.0,43726.55078125,8729.9501953125,23263.5,50988.80078125,24004.75
2025-01-06,23482.19921875,56714.3984375,43674.8515625,8455.5,23073.05078125,49922.0,23616.05078125
2025-01-07,23482.099609375,56719.55078125,43375.8515625,8560.5498046875,23228.55078125,50202.1484375,23707.900390625
2025-01-08,23370.150390625,56967.6015625,43634.25,8503.2001953125,23011.099609375,49835.05078125,23688.94921875
2025-01-09,23305.19921875,57495.6015625,43126.44921875,8398.849609375,22868.099609375,49503.5,23526.5
2025-01-10,23017.75,57117.69921875,44609.5,8262.9501953125,22380.849609375,48734.1484375,23431.5
2025-01-13,22382.25,56420.1484375,43999.1015625,7951.35009765625,21903.349609375,48041.25,23085.94921875
2025-01-14,22833.05078125,55627.19921875,43061.19921875,8267.5,22203.900390625,48729.1484375,23176.05078125
2025-01-15,22712.75,55549.8515625,43401.25,8280.9501953125,21972.69921875,48751.69921875,23213.19921875
2025-01-16,22861.25,55240.0,43188.8515625,8422.0,21909.75,49278.69921875,23311.80078125
2025-01-17,22791.099609375,55800.8515625,42032.19921875,8521.7001953125,22061.69921875,48540.6015625,23203.19921875
2025-01-20,22671.80078125,55738.05078125,42192.80078125,8613.349609375,22182.400390625,49350.80078125,23344.75
2025-01-21,22303.19921875,55622.6484375,41697.94921875,8532.099609375,21882.900390625,48570.8984375,23024.650390625
2025-01-22,22274.349609375,55596.05078125,42590.69921875,8470.25,22034.94921875,48724.3984375,23155.349609375
2025-01-23,22518.94921875,55781.80078125,43351.75,8515.5498046875,22343.30078125,48589.0,23205.349609375
2025-01-24,22171.05078125,56069.3515625,43524.1015625,8438.7998046875,21872.400390625,48367.80078125,23092.19921875
2025-01-27,21970.44921875,55654.5,42060.69921875,8189.7998046875,21292.30078125,48064.6484375,22829.150390625
2025-01-28,22264.150390625,55441.94921875,41820.6484375,8157.4501953125,20796.599609375,48866.8515625,22957.25
2025-01-29,22586.349609375,55163.05078125,42914.5,8308.650390625,21163.900390625,49165.94921875,23163.099609375
2025-01-30,22495.69921875,55558.94921875,42426.6484375,8299.75,21419.650390625,49311.94921875,23249.5
2025-01-31,22867.599609375,56691.94921875,42662.75,8399.7001953125,21438.599609375,49587.19921875,23508.400390625
2025-02-01,,,,,,,23482.150390625
2025-02-03,23327.0,57419.55078125,42314.25,8155.14990234375,21361.599609375,49210.55078125,23361.05078125
2025-02-04,23535.05078125,57274.69921875,42860.19921875,8301.4501953125,21733.94921875,50157.94921875,23739.25
2025-02-05,23517.099609375,56383.75,42888.30078125,8427.099609375,21868.5,50343.05078125,23696.30078125
2025-02-06,23298.849609375,55841.80078125,43020.94921875,8363.650390625,22009.05078125,50382.1015625,23603.349609375
2025-02-07,23459.94921875,55113.30078125,42921.6484375,8585.7998046875,22077.0,50158.8515625,23559.94921875
2025-02-10,23112.650390625,54856.6484375,42596.55078125,8359.25,21665.650390625,49981.0,23381.599609375
2025-02-11,22573.900390625,53794.25,41968.30078125,8213.5498046875,21249.5,49403.3984375,23071.80078125
2025-02-12,22407.44921875,53739.0,41733.0,8268.400390625,21142.05078125,49479.44921875,23045.25
2025-02-13,22344.30078125,53314.75,41315.55078125,8336.349609375,21427.099609375,49359.8515625,23031.400390625
2025-02-14,22069.30078125,53138.55078125,41311.1484375,8187.5,20811.55078125,49099.44921875,22929.25
2025-02-17,21951.849609375,52945.0,41073.19921875,8250.2001953125,21076.0,49258.8984375,22959.5
2025-02-18,21818.900390625,52480.5,41464.3515625,8255.599609375,20969.19921875,49087.30078125,22945.30078125
2025-02-19,21809.150390625,52360.44921875,40924.25,8359.2001953125,20820.0,49570.1015625,22932.900390625
2025-02-20,22074.900390625,52337.30078125,40865.94921875,8523.0,20785.75,49334.55078125,22913.150390625
2025-02-21,21505.900390625,52098.1484375,40544.55078125,8609.7001953125,20385.650390625,48981.19921875,22795.900390625
2025-02-24,21552.5,52285.80078125,39446.6015625,8422.7998046875,20389.69921875,48651.94921875,22553.349609375
2025-02-25,21662.650390625,52453.3515625,39131.30078125,8293.4501953125,20249.150390625,48608.3515625,22547.55078125
2025-02-27,21335.349609375,52055.1484375,38946.6484375,8334.7998046875,20201.25,48743.80078125,22545.05078125
2025-02-28,20498.599609375,50689.0,37318.30078125,8219.25,19813.5,48344.69921875,22124.69921875
2025-03-03,20538.150390625,50786.6484375,37614.44921875,8316.2998046875,19879.80078125,48114.30078125,22119.30078125
2025-03-04,20269.19921875,50524.25,37276.94921875,8347.75,19820.650390625,48245.19921875,22082.650390625
2025-03-05,20796.75,51279.1015625,38072.30078125,8685.2001953125,20126.80078125,48489.94921875,22337.30078125
2025-03-06,20959.69921875,51890.30078125,38145.30078125,8888.650390625,20423.349609375,48627.69921875,22544.69921875
2025-03-07,21009.69921875,51891.80078125,37820.44921875,8926.900390625,20378.30078125,48497.5,22552.5
2025-03-10,20752.80078125,52006.3984375,37644.3984375,8850.2998046875,20256.55078125,48216.80078125,22460.30078125
2025-03-11,20682.650390625,51951.44921875,37400.1015625,8897.2998046875,20332.099609375,47853.94921875,22497.900390625
2025-03-12,20783.69921875,51957.25,36310.6484375,8854.2998046875,20424.0,48056.6484375,22470.5
2025-03-13,20554.05078125,51879.25,36122.5,8777.650390625,20386.849609375,48060.3984375,22397.19921875
2025-03-17,20741.150390625,51773.1484375,36137.19921875,8845.25,20703.94921875,48354.1484375,22508.75
2025-03-18,21234.94921875,52475.0,36619.3515625,9033.4501953125,21041.30078125,49314.5,22834.30078125
2025-03-19,21319.5,52184.1015625,36223.5,9148.5498046875,21145.650390625,49702.6015625,22907.599609375
2025-03-20,21623.05078125,52857.8984375,36676.6484375,9254.099609375,21340.599609375,50062.8515625,23190.650390625
2025-03-21,21756.0,52986.05078125,36702.80078125,9203.5498046875,21625.900390625,50593.55078125,23350.400390625
2025-03-24,21938.69921875,53232.75,37217.05078125,9262.849609375,21771.150390625,51704.94921875,23658.349609375
2025-03-25,21737.599609375,53131.30078125,37706.8984375,9132.900390625,21542.5,51607.94921875,23668.650390625
2025-03-26,21742.80078125,52988.5,37336.69921875,9097.7001953125,21360.599609375,51209.0,23486.849609375
2025-03-27,21516.75,53276.6015625,37548.30078125,9159.7998046875,21275.150390625,51575.8515625,23591.94921875
2025-03-28,21295.5,53589.80078125,36886.1484375,9092.5,21137.44921875,51564.8515625,23519.349609375
2025-04-01,21235.25,53101.75,35980.6484375,9016.849609375,20771.80078125,50827.5,23165.69921875
2025-04-02,21408.849609375,53702.6015625,36283.5,9080.0498046875,20952.849609375,51348.05078125,23332.349609375
2025-04-03,21164.0,53806.75,34757.25,9005.150390625,21423.55078125,51597.3515625,23250.099609375
2025-04-04,20593.150390625,53830.69921875,33511.44921875,8414.4501953125,20560.0,51502.69921875,22904.44921875
2025-04-07,19815.55078125,53241.1484375,32668.80078125,7846.35009765625,19995.5,49860.1015625,22161.599609375
2025-04-08,20138.150390625,54300.25,33244.3984375,7965.60009765625,20377.900390625,50511.0,22535.849609375
2025-04-09,20140.400390625,55264.75,32517.349609375,7847.5,19976.30078125,50240.1484375,22399.150390625
2025-04-11,20548.650390625,55741.1015625,32740.849609375,8168.2998046875,20461.900390625,51002.3515625,22828.55078125
2025-04-15,21246.19921875,55896.94921875,33275.30078125,8429.849609375,20912.19921875,52379.5,23328.55078125
2025-04-16,21155.80078125,56345.6015625,33295.5,8454.7998046875,20874.30078125,53117.75,23437.19921875
2025-04-17,21373.099609375,56674.19921875,33372.3515625,8476.5,21126.75,54290.19921875,23851.650390625
2025-04-21,21826.0,56130.19921875,34135.05078125,8653.5,21351.05078125,55304.5,24125.55078125
2025-04-22,21903.69921875,57193.80078125,33941.05078125,8669.5,21438.05078125,55647.19921875,24167.25
2025-04-23,22424.44921875,57497.8984375,35414.6484375,8737.2998046875,21738.94921875,55370.05078125,24328.94921875
2025-04-24,22367.55078125,56887.55078125,35307.1015625,8753.2998046875,21974.599609375,55201.3984375,24246.69921875
2025-04-25,21994.5,56532.3515625,35562.25,8569.75,21482.55078125,54664.05078125,24039.349609375
2025-04-28,22352.94921875,56620.30078125,35482.94921875,8689.900390625,21908.099609375,55432.80078125,24328.5
2025-04-29,22299.05078125,56474.5,35920.3984375,8607.150390625,21676.650390625,55391.25,24335.94921875
2025-04-30,22308.400390625,56445.3515625,35794.94921875,8581.7998046875,21772.44921875,55087.1484375,24334.19921875
2025-05-02,22286.5,56252.25,35891.8515625,8518.400390625,21627.44921875,55115.3515625,24346.69921875
2025-05-05,22699.19921875,56936.19921875,35991.25,8600.150390625,21775.75,54919.5,24461.150390625
2025-05-06,22737.599609375,56883.3984375,35869.19921875,8524.7001953125,21534.349609375,54271.3984375,24379.599609375
2025-05-07,23114.099609375,56590.25,35920.30078125,8608.0498046875,21462.44921875,54610.8984375,24414.400390625
2025-05-08,22674.150390625,56020.69921875,36002.44921875,8428.400390625,21115.05078125,54365.6484375,24273.80078125
2025-05-09,22627.80078125,55633.0,35880.1015625,8420.5498046875,21071.75,53595.25,24008.0
2025-05-12,23400.44921875,57101.3984375,38282.55078125,8914.25,21102.69921875,55382.8515625,24924.69921875
2025-05-13,23167.25,56334.1484375,37354.6015625,8834.650390625,21359.75,54940.8515625,24578.349609375
2025-05-14,23356.849609375,56351.69921875,37853.55078125,9052.099609375,21480.5,54801.30078125,24666.900390625
2025-05-15,23804.849609375,56685.94921875,38293.80078125,9210.0498046875,21650.650390625,55355.6015625,25062.099609375
2025-05-16,23953.150390625,57061.80078125,37972.3515625,9201.849609375,21633.19921875,55354.8984375,25019.80078125
2025-05-19,24052.599609375,56955.69921875,37477.80078125,9210.75,21740.44921875,55420.69921875,24945.44921875
2025-05-20,23531.19921875,56206.25,37283.5,9156.0498046875,21456.150390625,54877.3515625,24683.900390625
2025-05-21,23700.099609375,56413.1484375,37540.1015625,9208.150390625,21723.650390625,55075.1015625,24813.44921875
2025-05-22,23459.900390625,55598.05078125,37050.1484375,9179.650390625,21521.75,54941.30078125,24609.69921875
2025-05-23,23515.25,56502.05078125,37403.55078125,9249.599609375,21434.25,55398.25,24853.150390625
2025-05-26,23763.150390625,57049.69921875,37785.8984375,9336.4501953125,21501.80078125,55572.0,25001.150390625
2025-05-27,23596.900390625,56547.6015625,37501.44921875,9294.9501953125,21524.94921875,55352.80078125,24826.19921875
2025-05-28,23437.05078125,55703.8515625,37465.75,9239.5,21393.30078125,55417.0,24752.44921875
2025-05-29,23555.75,55630.44921875,37754.1484375,9351.650390625,21589.349609375,55546.05078125,24833.599609375
2025-05-30,23325.599609375,55283.0,37321.75,9193.25,21442.05078125,55749.69921875,24750.69921875
2025-06-02,23327.05078125,55732.55078125,37061.8515625,9128.5498046875,21394.099609375,55903.3984375,24716.599609375
2025-06-03,23268.69921875,55460.80078125,36814.8984375,9122.2998046875,21354.19921875,55599.94921875,24542.5
2025-06-04,23332.599609375,55530.55078125,36938.1015625,9177.400390625,21371.69921875,55676.8515625,24620.19921875
2025-06-05,23306.19921875,55632.44921875,37107.94921875,9231.5,21644.19921875,55760.8515625,24750.900390625
2025-06-06,23661.30078125,55802.69921875,37294.8515625,9406.4501953125,21684.400390625,56578.3984375,25003.05078125
2025-06-09,23777.150390625,56026.1015625,37669.19921875,9477.0,21826.80078125,56839.6015625,25103.19921875
2025-06-10,23759.0,56198.80078125,38300.0,9509.7001953125,21948.0,56629.1015625,25104.25
2025-06-11,23805.19921875,55820.6015625,38784.30078125,9495.7998046875,22057.150390625,56459.75,25141.400390625
2025-06-12,23411.80078125,55104.1015625,38460.30078125,9348.5,22036.150390625,56082.55078125,24888.19921875
2025-06-13,23327.400390625,54527.1484375,38469.25,9258.7998046875,21985.150390625,55527.3515625,24718.599609375
2025-06-16,23368.25,54873.30078125,39073.05078125,9358.25,22039.44921875,55944.8984375,24946.5
2025-06-17,23227.30078125,54708.75,39356.1015625,9224.400390625,21622.80078125,55714.1484375,24853.400390625
2025-06-18,23312.349609375,54452.3984375,39030.8984375,9158.25,21588.400390625,55828.75,24812.05078125
2025-06-19,23434.650390625,54283.5,38664.94921875,9040.4501953125,21441.849609375,55577.44921875,24793.25
2025-06-20,23679.349609375,54630.94921875,38991.44921875,9138.599609375,21613.0,56252.8515625,25112.400390625
2025-06-23,23461.150390625,54226.8515625,38414.1015625,9198.5498046875,21626.19921875,56059.3515625,24971.900390625
2025-06-24,23598.25,54346.30078125,38417.94921875,9291.099609375,21672.099609375,56461.8984375,25044.349609375
2025-06-25,23827.80078125,54747.25,39046.30078125,9329.2001953125,21804.80078125,56621.1484375,25244.75
2025-06-26,23961.69921875,55118.80078125,38996.25,9544.5498046875,21808.19921875,57206.69921875,25549.0
2025-06-27,24007.94921875,55109.0,38822.94921875,9578.2001953125,21928.599609375,57443.8984375,25637.80078125
2025-06-30,23872.55078125,54883.8984375,38950.0,9534.7998046875,22038.69921875,57312.75,25517.05078125
2025-07-01,23824.0,54502.94921875,38833.1484375,9564.5498046875,22041.25,57459.44921875,25541.80078125
2025-07-02,23899.849609375,54439.69921875,38879.1015625,9699.2001953125,22110.80078125,56999.19921875,25453.400390625
2025-07-03,24004.94921875,54515.75,38854.30078125,9623.4501953125,22204.25,56791.94921875,25405.30078125
2025-07-04,23980.400390625,54735.6015625,39166.55078125,9580.400390625,22384.599609375,57031.8984375,25461.0
2025-07-07,23943.900390625,55652.8515625,38866.94921875,9522.150390625,22365.05078125,56949.19921875,25461.30078125
2025-07-08,23852.900390625,55504.0,38983.25,9517.400390625,22165.900390625,57256.30078125,25522.5
2025-07-09,23944.400390625,55946.19921875,38680.8515625,9384.5,22208.5,57213.55078125,25476.099609375
2025-07-10,23916.849609375,55628.19921875,38376.6484375,9423.5498046875,22076.80078125,56956.0,25355.25
2025-07-11,23493.80078125,55910.25,37693.25,9382.849609375,22225.900390625,56754.69921875,25149.849609375
2025-07-14,23552.0,56025.6015625,37273.69921875,9407.9501953125,22410.349609375,56765.3515625,25082.30078125
2025-07-15,23905.25,56429.05078125,37424.6015625,9411.9501953125,22665.69921875,57006.6484375,25195.80078125
2025-07-16,24011.150390625,56685.55078125,37660.75,9360.7001953125,22593.900390625,57168.94921875,25212.05078125
2025-07-17,24002.5,56843.05078125,37138.55078125,9423.349609375,22680.349609375,56828.80078125,25111.44921875
2025-07-18,23894.349609375,56506.8984375,37141.8984375,9458.2001953125,22592.75,56283.0,24968.400390625
2025-07-21,24055.0,56222.69921875,37031.75,9555.5,22531.849609375,56952.75,25090.69921875
2025-07-22,23875.849609375,56003.94921875,36858.8984375,9533.2998046875,22307.19921875,56756.0,25060.900390625
2025-07-23,24079.400390625,55710.3515625,36951.5,9579.0498046875,22417.44921875,57210.44921875,25219.900390625
2025-07-24,24087.30078125,55085.8515625,36135.80078125,9582.2998046875,22541.05078125,57066.05078125,25062.099609375
2025-07-25,23781.55078125,54579.94921875,35623.75,9425.099609375,22662.69921875,56528.8984375,24837.0
2025-07-28,23693.0,54732.94921875,35370.05078125,9316.4501953125,22761.150390625,56084.8984375,24680.900390625
2025-07-29,23888.349609375,54891.1484375,35373.25,9409.7001953125,23072.44921875,56222.0,24821.099609375
2025-07-30,23745.80078125,55020.3984375,35481.69921875,9399.75,23073.900390625,56150.69921875,24855.05078125
2025-07-31,23655.849609375,55812.1484375,35301.6484375,9285.4501953125,22771.05078125,55961.94921875,24768.349609375
2025-08-01,23410.94921875,56197.05078125,34649.6015625,9102.349609375,22011.69921875,55617.6015625,24565.349609375
2025-08-04,23787.5,56139.6484375,35203.3515625,9327.849609375,22153.80078125,55619.3515625,24722.75
2025-08-05,23876.30078125,55733.69921875,35034.5,9336.0498046875,21970.150390625,55360.25,24649.55078125
2025-08-06,23748.849609375,55230.80078125,34426.25,9298.75,21523.75,55411.1484375,24574.19921875
2025-08-07,23808.099609375,55298.5,34726.80078125,9310.650390625,21684.80078125,55521.1484375,24596.150390625
2025-08-08,23474.650390625,54900.94921875,34398.5,9147.099609375,21402.150390625,55004.8984375,24363.30078125
2025-08-11,23723.75,55309.8984375,34544.6484375,9194.7998046875,21604.650390625,55510.75,24585.05078125
2025-08-12,23856.599609375,55034.44921875,34674.30078125,9229.7001953125,21753.5,55043.69921875,24487.400390625
2025-08-13,24122.650390625,55010.1484375,34692.94921875,9345.9501953125,22130.30078125,55181.44921875,24619.349609375
2025-08-14,24118.80078125,54656.30078125,34833.19921875,9216.25,22151.849609375,55341.8515625,24631.30078125
2025-08-18,25127.19921875,55304.25,34634.94921875,9387.5,22141.150390625,55734.8984375,24876.94921875
2025-08-19,25456.69921875,55886.6484375,34756.69921875,9457.5,22066.75,55865.1484375,24980.650390625
2025-08-20,25469.25,56664.05078125,35690.05078125,9497.75,21969.5,55698.5,25050.55078125
2025-08-21,25377.5,56303.05078125,35723.8984375,9493.650390625,22177.69921875,55755.44921875,25083.75
2025-08-22,25329.44921875,55737.44921875,35440.8515625,9375.4501953125,22265.0,55149.3984375,24870.099609375
2025-08-25,25423.400390625,55681.6484375,36280.1015625,9436.75,22362.80078125,55139.30078125,24967.75
2025-08-26,25320.30078125,56187.0,36063.19921875,9280.0498046875,21990.0,54450.44921875,24712.05078125
2025-08-28,25183.5,55612.94921875,35488.80078125,9210.5,21808.349609375,53820.3515625,24500.900390625
2025-08-29,24960.849609375,56141.8515625,35181.25,9154.7998046875,21804.05078125,53655.6484375,24426.849609375
2025-09-01,25660.0,56175.19921875,35740.6484375,9305.2998046875,21778.849609375,54002.44921875,24625.05078125
2025-09-02,25584.94921875,56806.6015625,35737.8984375,9384.349609375,21719.94921875,53661.0,24579.599609375
2025-09-03,25775.44921875,56969.19921875,35474.94921875,9676.400390625,21959.599609375,54067.55078125,24715.05078125
2025-09-04,25994.849609375,57104.05078125,35143.1015625,9616.349609375,21915.400390625,54075.44921875,24734.30078125
2025-09-05,26320.599609375,56292.1015625,34635.8515625,9681.650390625,21924.80078125,54114.55078125,24741.0
2025-09-08,27189.19921875,56171.30078125,34310.44921875,9717.849609375,21865.19921875,54186.8984375,24773.150390625
2025-09-09,27182.5,56497.25,35255.94921875,9734.2001953125,22052.650390625,54216.1015625,24868.599609375
2025-09-10,26833.94921875,56856.8515625,36183.80078125,9759.4501953125,22122.05078125,54536.0,24973.099609375
2025-09-11,26744.44921875,56960.6015625,36003.5,9792.9501953125,22224.0,54669.6015625,25005.5
2025-09-12,26866.650390625,56557.1484375,36110.75,9883.599609375,22341.19921875,54809.30078125,25114.0
2025-09-15,26760.650390625,56551.3515625,35902.19921875,9891.0,22198.69921875,54887.8515625,25069.19921875
2025-09-16,27146.400390625,56398.6484375,36212.1484375,9973.4501953125,22264.55078125,55147.6015625,25239.099609375
2025-09-17,27294.650390625,56321.0,36447.1484375,9923.150390625,22241.349609375,55493.30078125,25330.25
2025-09-18,27329.349609375,56522.3515625,36750.25,9955.150390625,22574.349609375,55727.44921875,25423.599609375
2025-09-19,27219.55078125,56273.05078125,36578.25,9989.900390625,22686.599609375,55458.8515625,25327.05078125
2025-09-22,27154.30078125,56006.75,35500.1484375,10029.099609375,22365.75,55284.75,25202.349609375
2025-09-23,27321.94921875,55281.55078125,35249.1015625,10129.0498046875,22299.099609375,55509.75,25169.5
2025-09-24,27007.599609375,55378.94921875,34994.30078125,10060.099609375,22180.69921875,55121.5,25056.900390625
2025-09-25,26758.5,55108.0,34548.30078125,10082.5498046875,21977.69921875,54976.19921875,24890.849609375
2025-09-26,26484.55078125,54847.55078125,33702.0,9888.25,21507.19921875,54389.3515625,24654.69921875
2025-09-29,26436.55078125,54945.80078125,33693.1015625,9923.099609375,21475.30078125,54461.0,24634.900390625
2025-09-30,26542.349609375,54710.69921875,33655.1015625,10038.150390625,21454.25,54635.8515625,24611.099609375
2025-10-01,26768.650390625,55105.3515625,33905.19921875,10092.9501953125,21733.5,55347.94921875,24836.30078125
2025-10-03,26753.099609375,55170.6015625,33949.75,10277.099609375,21756.349609375,55589.25,24894.25
2025-10-06,26857.19921875,55057.6484375,34722.55078125,10185.5,21779.849609375,56104.8515625,25077.650390625
2025-10-07,26933.55078125,54763.8515625,34709.44921875,10156.650390625,21875.30078125,56239.3515625,25108.30078125
2025-10-08,26522.400390625,54489.6484375,35232.25,10136.5498046875,21707.349609375,56018.25,25046.150390625
2025-10-09,26587.0,54707.44921875,35628.5,10356.2001953125,21936.19921875,56192.05078125,25181.80078125
2025-10-10,26721.19921875,54966.44921875,35609.05078125,10261.5498046875,22218.25,56609.75,25285.349609375
2025-10-13,26698.150390625,54473.8515625,35330.80078125,10217.4501953125,22205.099609375,56625.0,25227.349609375
2025-10-14,26640.55078125,54213.75,35214.8515625,10116.7998046875,22039.25,56496.44921875,25145.5
2025-10-15,26708.650390625,54748.69921875,35401.80078125,10218.0,22057.30078125,56799.8984375,25323.55078125
2025-10-16,27048.75,55853.8984375,35531.05078125,10287.25,22103.19921875,57422.55078125,25585.30078125
2025-10-17,27228.599609375,56616.3984375,34950.69921875,10199.2998046875,22253.75,57713.3515625,25709.849609375
2025-10-20,27185.44921875,56597.1484375,35292.6015625,10191.849609375,22439.900390625,58033.19921875,25843.150390625
2025-10-21,27229.849609375,56609.1484375,35299.75,10232.75,22515.69921875,58007.19921875,25868.599609375
2025-10-23,27218.75,56772.44921875,36078.6484375,10241.849609375,22481.25,58078.05078125,25891.400390625
2025-10-24,27108.69921875,56348.1015625,35986.3515625,10347.4501953125,22357.349609375,57699.6015625,25795.150390625
2025-10-27,27263.650390625,56428.94921875,36129.1015625,10467.150390625,22310.400390625,58114.25,25966.05078125
2025-10-28,27148.349609375,56110.05078125,35860.3984375,10596.2001953125,22250.900390625,58214.1015625,25936.19921875
2025-10-29,26948.900390625,56615.3515625,36090.1015625,10777.5,22430.69921875,58385.25,26053.900390625
2025-10-30,26829.55078125,56343.5,35906.3984375,10729.2001953125,22298.19921875,58031.1015625,25877.849609375
2025-10-31,26809.849609375,56208.5,35712.3515625,10612.150390625,22175.400390625,57776.3515625,25722.099609375
2025-11-03,26841.80078125,56153.69921875,35653.1015625,10652.7998046875,22442.599609375,58101.44921875,25763.349609375
2025-11-04,26610.05078125,55815.6015625,35274.55078125,10499.0498046875,22334.44921875,57827.05078125,25597.650390625
2025-11-06,26626.5,55711.75,35337.6015625,10281.900390625,22250.55078125,57554.25,25509.69921875
2025-11-07,26779.55078125,55437.19921875,35117.6484375,10426.7998046875,22169.80078125,57876.80078125,25492.30078125
2025-11-10,26859.849609375,55334.44921875,35688.25,10484.5,22379.849609375,57937.55078125,25574.349609375
2025-11-11,27148.25,55523.05078125,36116.8984375,10559.099609375,22369.599609375,58138.1484375,25694.94921875
2025-11-12,27485.150390625,55529.19921875,36855.3984375,10542.5498046875,22593.400390625,58274.6484375,25875.80078125
2025-11-13,27382.80078125,55243.5,36679.5,10588.599609375,22686.80078125,58381.94921875,25879.150390625
2025-11-14,27239.80078125,55560.80078125,36301.25,10494.75,22821.05078125,58517.55078125,25910.05078125
2025-11-17,27472.650390625,55677.1484375,36375.19921875,10495.849609375,22867.599609375,58962.69921875,26013.44921875
2025-11-18,27368.25,55363.44921875,35975.19921875,10383.7001953125,22713.650390625,58899.25,25910.05078125
2025-11-19,27434.44921875,55380.80078125,37044.6484375,10384.150390625,22727.650390625,59216.05078125,26052.650390625
2025-11-20,27554.0,55426.69921875,37043.30078125,10386.0498046875,22687.55078125,59347.69921875,26192.150390625
2025-11-21,27537.849609375,55504.69921875,36885.3515625,10142.5498046875,22580.94921875,58867.69921875,26068.150390625
2025-11-24,27442.19921875,55138.1484375,37037.94921875,10017.900390625,22492.44921875,58835.3515625,25959.5
2025-11-25,27378.69921875,55052.1015625,36826.8984375,10073.400390625,22590.94921875,58820.30078125,25884.80078125
2025-11-26,27696.400390625,55442.6015625,37364.6015625,10280.7001953125,22862.349609375,59528.05078125,26205.30078125
2025-11-27,27603.650390625,55470.55078125,37446.30078125,10273.75,22863.0,59737.30078125,26215.55078125
2025-11-28,27774.599609375,55595.80078125,37405.5,10293.0498046875,22998.30078125,59752.69921875,26202.94921875
2025-12-01,27993.0,55500.5,37549.75,10353.2001953125,22887.75,59681.3515625,26175.75
2025-12-02,27979.5,55390.94921875,37541.25,10315.849609375,22905.0,59273.80078125,26032.19921875
2025-12-03,27643.80078125,54949.1015625,37825.25,10265.2001953125,22907.849609375,59348.25,25986.0
2025-12-04,27732.69921875,55209.30078125,38360.25,10271.4501953125,22958.94921875,59288.69921875,26033.75
2025-12-05,27939.099609375,55202.8515625,38703.6484375,10340.349609375,22947.150390625,59777.19921875,26186.44921875
2025-12-08,27596.80078125,54540.5,38590.69921875,10141.7998046875,22640.69921875,59238.55078125,25960.55078125
2025-12-09,27399.25,54521.19921875,38130.6015625,10112.650390625,22522.849609375,59222.3515625,25839.650390625
2025-12-10,27358.25,54506.0,37789.8984375,10159.0,22561.5,58960.3984375,25758.0
2025-12-11,27661.0,54619.6484375,38097.0,10266.849609375,22783.44921875,59209.8515625,25898.55078125
2025-12-12,27820.849609375,54490.80078125,38274.75,10536.4501953125,22808.69921875,59389.94921875,26046.94921875
2025-12-15,27568.099609375,54868.3984375,38386.30078125,10553.150390625,22719.400390625,59461.80078125,26027.30078125
2025-12-16,27542.19921875,54863.44921875,38062.5,10464.349609375,22591.5,59034.6015625,25860.099609375
2025-12-17,27489.25,54603.3984375,38172.05078125,10490.150390625,22612.150390625,58926.75,25818.55078125
2025-12-18,27321.900390625,54546.44921875,38633.3515625,10516.150390625,22557.599609375,58912.8515625,25815.55078125
2025-12-19,27657.25,54781.3515625,38691.6015625,10521.099609375,22751.25,59069.19921875,25966.400390625
2025-12-22,27885.30078125,55062.6484375,39488.0,10669.0,22927.900390625,59304.0,26172.400390625
2025-12-23,27892.05078125,55348.6484375,39173.69921875,10727.0498046875,22875.099609375,59299.55078125,26177.150390625
2025-12-24,27885.650390625,55113.75,38974.80078125,10742.75,22757.400390625,59183.6015625,26142.099609375
2025-12-26,27739.849609375,55132.05078125,38572.30078125,10806.150390625,22684.650390625,59011.3515625,26042.30078125
2025-12-29,27592.5,55192.44921875,38282.69921875,10789.099609375,22578.30078125,58932.3515625,25942.099609375
2025-12-30,27889.650390625,55033.1484375,37998.6015625,11007.650390625,22540.05078125,59171.25,25938.849609375
2025-12-31,28189.599609375,55475.6484375,37884.05078125,11167.650390625,22723.650390625,59581.8515625,26129.599609375
2026-01-01,,,38171.5,,,59711.55078125,26146.55078125
2026-01-02,28803.650390625,53078.80078125,38320.30078125,11421.849609375,22790.900390625,60150.94921875,26328.55078125
2026-01-05,28894.150390625,53441.1015625,37771.1484375,11490.7998046875,22743.400390625,60044.19921875,26250.30078125
2026-01-06,28922.349609375,53561.94921875,37977.3984375,11524.0498046875,23126.849609375,60118.3984375,26178.69921875
2026-01-07,28692.400390625,53493.80078125,38688.80078125,11524.0,23286.25,59990.8515625,26140.75
2026-01-08,28414.94921875,53010.1484375,37920.30078125,11132.0,22962.55078125,59686.5,25876.849609375
2026-01-09,28087.650390625,52438.1484375,38027.19921875,11094.7998046875,22761.0,59251.55078125,25683.30078125
2026-01-12,28011.75,52745.5,37988.25,11315.75,22668.44921875,59450.5,25790.25
2026-01-13,27915.099609375,52577.1484375,38236.6015625,11355.2001953125,22562.30078125,59578.80078125,25732.30078125
2026-01-14,27721.849609375,52258.6484375,37822.69921875,11661.400390625,22505.400390625,59580.1484375,25665.599609375
2026-01-16,27596.25,52142.5,39086.6484375,11600.0498046875,22217.05078125,60095.1484375,25694.349609375
2026-01-19,27632.44921875,52489.94921875,38902.5,11593.0498046875,22136.25,59891.3515625,25585.5
2026-01-20,26948.099609375,51713.0,38101.05078125,11374.4501953125,21714.30078125,59404.19921875,25232.5
2026-01-21,26871.25,51402.5,37992.30078125,11438.9501953125,21584.400390625,58800.30078125,25157.5
2026-01-22,27110.19921875,51978.3984375,38301.75,11573.7001953125,21928.0,59200.1015625,25289.900390625
2026-01-23,26804.55078125,51662.05078125,38238.5,11477.7998046875,21722.25,58473.1015625,25048.650390625
2026-01-27,26554.0,51349.75,38566.1015625,11829.650390625,21788.44921875,59205.44921875,25175.400390625
2026-01-28,26737.599609375,50985.44921875,38725.3515625,12106.4501953125,21739.849609375,59598.80078125,25342.75
2026-01-29,26555.400390625,50523.8984375,38431.30078125,12478.0498046875,21564.0,59957.8515625,25418.900390625
2026-01-30,26750.349609375,51215.19921875,38036.1484375,11827.5498046875,21715.099609375,59610.44921875,25320.650390625
2026-02-02,26749.150390625,50623.19921875,38074.1484375,11561.5498046875,21549.55078125,58619.0,25088.400390625
2026-02-03,27500.30078125,50806.6484375,38611.75,11893.2001953125,22200.25,60041.30078125,25727.55078125
2026-02-04,27825.400390625,50922.75,36345.6484375,12044.25,22125.80078125,60238.1484375,25776.0
2026-02-05,27664.5,50731.6484375,36143.30078125,11921.2001953125,22119.900390625,60063.6484375,25642.80078125
2026-02-06,27519.55078125,51882.75,35611.05078125,11943.150390625,21961.349609375,60120.55078125,25693.69921875
2026-02-09,27791.44921875,52047.30078125,35616.6484375,12129.4501953125,22290.69921875,60669.3515625,25867.30078125
2026-02-10,28173.19921875,52130.44921875,35722.19921875,12228.2998046875,22210.5,60626.3984375,25935.150390625
2026-02-11,28538.69921875,52152.1015625,35095.1484375,12276.5498046875,22434.19921875,60745.3515625,25953.849609375
2026-02-12,28504.05078125,51885.75,33160.19921875,12279.2001953125,22386.30078125,60739.75,25807.19921875
2026-02-13,28234.30078125,50902.1484375,32681.5,11872.7998046875,22194.900390625,60186.6484375,25471.099609375
2026-02-16,28028.19921875,51318.8515625,32738.05078125,11955.0,22403.150390625,60949.1015625,25682.75
2026-02-17,28174.55078125,51778.30078125,33075.05078125,11828.400390625,22494.900390625,61174.0,25725.400390625
2026-02-18,28327.599609375,52406.5,32668.30078125,11985.75,22541.94921875,61550.80078125,25819.349609375
2026-02-19,27734.0,51483.6015625,32319.400390625,11842.400390625,22429.099609375,60739.55078125,25454.349609375
2026-02-20,27846.80078125,51772.69921875,32004.05078125,11989.9501953125,22452.400390625,61172.0,25571.25
2026-02-23,28077.0,52136.3515625,31550.5,11962.75,22578.55078125,61264.25,25713.0
2026-02-24,27950.0,52235.25,30053.5,12073.849609375,22632.05078125,61047.30078125,25424.650390625
2026-02-25,28466.5,52105.30078125,30526.349609375,12399.400390625,23051.849609375,61043.3515625,25482.5
2026-02-26,28693.400390625,52023.0,30554.19921875,12448.0,23301.650390625,61187.69921875,25496.55078125
2026-02-27,28158.849609375,51142.19921875,30603.849609375,12240.650390625,22952.349609375,60529.0,25178.650390625
2026-03-02,27540.099609375,50751.6484375,30272.94921875,12269.7998046875,22956.69921875,59839.6484375,24865.69921875
2026-03-04,26867.150390625,49797.5,30305.30078125,11779.75,22672.19921875,58755.25,24480.5
2026-03-05,27366.80078125,50000.80078125,30126.80078125,12049.2001953125,23005.5,59055.8515625,24765.900390625
2026-03-06,27076.400390625,49970.6015625,30138.400390625,12000.4501953125,22970.19921875,57783.25,24450.44921875
2026-03-09,25965.94921875,49192.3984375,30162.05078125,11688.7998046875,22933.75,56019.80078125,24028.05078125
2026-03-10,26770.55078125,49603.55078125,30024.05078125,11868.5,23253.650390625,56950.80078125,24261.599609375
2026-03-11,25926.0,49059.69921875,29651.69921875,11822.099609375,23348.05078125,55735.75,23866.849609375
2026-03-12,25098.0,48189.1484375,29579.44921875,11863.900390625,23275.19921875,55100.94921875,23639.150390625
2026-03-13,24195.099609375,47924.1484375,29071.30078125,11292.5,22832.19921875,53757.8515625,23151.099609375
2026-03-16,24599.099609375,48468.8515625,29042.55078125,11318.0,22547.19921875,54413.3984375,23408.80078125
2026-03-17,25117.099609375,48104.44921875,28760.900390625,11637.349609375,22597.55078125,54876.0,23581.150390625
2026-03-18,25598.849609375,48079.0,29559.30078125,11625.4501953125,22632.599609375,55326.05078125,23777.80078125
2026-03-19,24509.900390625,46861.94921875,28579.599609375,11249.349609375,22101.650390625,53451.0,23002.150390625
2026-03-20,24715.900390625,47007.55078125,29199.599609375,11412.75,22540.69921875,53427.05078125,23114.5
2026-03-23,23934.75,45837.05078125,29147.05078125,10863.4501953125,22053.099609375,51437.75,22512.650390625
2026-03-24,24515.25,46408.30078125,29648.900390625,11059.150390625,22239.80078125,52605.6484375,22912.400390625
2026-03-25,25058.599609375,47283.3515625,29671.30078125,11342.2001953125,22679.75,53708.1015625,23306.44921875
2026-03-27,24351.94921875,46427.19921875,29541.650390625,11161.650390625,22565.599609375,52274.6015625,22819.599609375
2026-03-30,23769.599609375,45538.6484375,29062.599609375,11138.400390625,22232.25,50275.3515625,22331.400390625
2026-04-01,24238.849609375,46135.94921875,29669.05078125,11412.0498046875,22011.599609375,51448.6484375,22679.400390625
2026-04-02,24089.650390625,46232.1484375,30441.44921875,11456.599609375,21808.400390625,51548.75,22713.099609375
2026-04-06,24350.400390625,46600.05078125,30636.55078125,11583.5,21835.349609375,52609.1015625,22968.25
2026-04-07,24373.30078125,46980.1015625,31403.349609375,11762.650390625,21868.69921875,52716.25,23123.650390625
2026-04-08,26002.94921875,47704.25,31565.80078125,12078.9501953125,21991.19921875,55703.8984375,23997.349609375
2026-04-09,25901.900390625,47640.69921875,31636.19921875,12229.7001953125,22135.400390625,54821.69921875,23775.099609375
2026-04-10,26640.900390625,48194.05078125,31030.599609375,12356.400390625,22164.849609375,55912.75,24050.599609375
2026-04-13,26084.55078125,47570.3984375,30669.80078125,12329.2998046875,22100.099609375,55605.05078125,23842.650390625
2026-04-15,26483.099609375,48290.3984375,31539.75,12548.0,22435.650390625,56301.94921875,24231.30078125
2026-04-16,26382.75,48377.8984375,31817.5,12740.2001953125,22465.0,56086.3984375,24196.75
2026-04-17,26435.0,49657.75,31809.849609375,12880.0,22497.25,56565.69921875,24353.55078125
2026-04-20,26522.30078125,49555.75,31585.75,12829.650390625,22456.75,56582.3515625,24364.849609375
2026-04-21,26625.19921875,50820.1015625,31729.099609375,12835.0,22438.44921875,57371.44921875,24576.599609375
2026-04-22,26450.25,51199.0,30496.25,12892.2001953125,22455.44921875,57124.44921875,24378.099609375
2026-04-23,25828.099609375,51140.5,30124.30078125,12786.25,22986.349609375,56305.0,24173.05078125
2026-04-24,25652.849609375,50766.25,28530.599609375,12746.650390625,22580.099609375,56089.75,23897.94921875
2026-04-27,26053.150390625,51046.5,29159.150390625,12980.849609375,23171.849609375,56264.30078125,24092.69921875
2026-04-28,25790.349609375,50882.75,28959.900390625,13046.4501953125,23158.150390625,55400.3515625,23995.69921875
2026-04-29,26085.75,51771.80078125,29245.25,13111.349609375,23260.849609375,55403.6015625,24177.650390625
2026-04-30,25917.599609375,51072.1015625,29353.900390625,12833.0498046875,23267.69921875,54863.3515625,23997.55078125
2026-05-04,26027.69921875,51266.0,29076.150390625,12972.7001953125,23475.55078125,54878.5,24119.30078125
2026-05-05,26192.099609375,51593.55078125,29107.30078125,12989.599609375,23568.94921875,54547.05078125,24032.80078125
2026-05-06,26823.0,51460.55078125,29267.94921875,13129.5498046875,24110.30078125,55981.05078125,24330.94921875
2026-05-07,27339.94921875,51068.44921875,29043.5,13165.400390625,24135.5,56047.3984375,24326.650390625
2026-05-08,27259.849609375,51165.8984375,29394.19921875,13050.9501953125,24110.30078125,55310.55078125,24176.150390625
2026-05-11,26753.400390625,51205.6484375,29329.44921875,12926.400390625,24170.44921875,54439.8984375,23815.849609375
2026-05-12,26142.599609375,50453.8984375,28234.900390625,12881.400390625,23840.900390625,53555.19921875,23379.55078125
2026-05-13,25888.94921875,50604.8515625,27916.650390625,13290.7998046875,23896.05078125,53456.1484375,23412.599609375
2026-05-14,26049.69921875,50779.1484375,27360.349609375,13562.25,24551.05078125,54128.94921875,23689.599609375
2026-05-15,26070.69921875,51051.3515625,27716.900390625,13300.599609375,24634.80078125,53710.3515625,23643.5
2026-05-18,25624.30078125,50900.1015625,28389.80078125,13169.9501953125,24762.849609375,53537.0,23649.94921875
2026-05-19,25698.80078125,50883.3515625,29308.0,13163.75,24867.400390625,53409.1484375,23618.0
2026-05-20,25914.349609375,50520.55078125,29185.150390625,13186.5,24843.150390625,53562.19921875,23659.0
2026-05-21,25986.25,50263.55078125,29021.099609375,13213.5,24890.900390625,53439.3984375,23654.69921875
2026-05-22,26017.099609375,50249.80078125,28912.5,13271.599609375,24573.94921875,54055.3515625,23719.30078125
2026-05-25,26463.05078125,50157.75,28979.849609375,13345.650390625,24674.69921875,55293.6484375,24031.69921875
2026-05-26,26480.5,50227.3515625,28978.5,13492.5498046875,24659.19921875,55092.8984375,23913.69921875
2026-05-27,26864.19921875,50141.8984375,28906.69921875,13718.2998046875,24716.0,54853.8515625,23907.150390625
2026-05-29,26338.44921875,49383.3515625,29080.150390625,13440.9501953125,24345.80078125,54239.19921875,23547.75
2026-06-01,25891.900390625,48247.69921875,29854.25,13506.5498046875,24214.25,53643.1015625,23382.599609375
2026-06-02,26079.44921875,48612.80078125,31116.55078125,13557.650390625,24006.30078125,53714.6484375,23483.55078125
2026-06-03,26092.80078125,48123.94921875,29384.44921875,13535.2001953125,24086.599609375,54185.94921875,23405.599609375
2026-06-04,26144.349609375,48216.0,29300.599609375,13436.0,24177.94921875,54307.8515625,23416.55078125
2026-06-05,26165.94921875,48302.44921875,29010.30078125,13221.650390625,24248.05078125,54496.25,23366.69921875
2026-06-08,25681.80078125,48098.6484375,28653.55078125,12913.650390625,24147.650390625,54063.75,23123.0
2026-06-09,26025.650390625,48447.3984375,28516.25,12987.099609375,24290.30078125,55194.5,23242.099609375
2026-06-10,25833.55078125,48957.0,28279.94921875,12766.4501953125,24160.75,55100.30078125,23214.94921875
2026-06-11,25790.349609375,48521.80078125,27821.05078125,12733.599609375,24306.94921875,55176.75,23161.599609375
2026-06-12,26293.849609375,48827.6015625,27795.75,12854.5,24380.05078125,56814.80078125,23622.900390625
2026-06-15,26977.5,49043.3984375,28067.900390625,13083.849609375,24220.099609375,57198.80078125,23853.900390625
2026-06-16,26891.55078125,49642.3984375,28568.099609375,12881.5,24157.849609375,57297.1484375,23989.150390625
2026-06-17,26724.400390625,49556.05078125,28809.55078125,13011.400390625,24146.55078125,57585.05078125,24085.69921875
2026-06-18,26746.400390625,49654.5,28466.44921875,13010.400390625,24282.19921875,57963.80078125,24168.0
2026-06-19,26583.349609375,49558.69921875,27426.849609375,13020.7998046875,24460.30078125,57685.75,24013.099609375
2026-06-22,26703.44921875,49355.1015625,27628.55078125,13091.2001953125,24762.900390625,57935.6015625,24102.900390625
2026-06-23,26496.5,49059.05078125,27012.05078125,12669.099609375,24989.94921875,57183.75,23824.099609375
2026-06-24,26384.349609375,49085.1015625,27566.69921875,12618.75,25018.94921875,58150.3515625,24021.650390625
2026-06-25,26977.75,49419.25,27330.849609375,12445.650390625,24969.5,58177.05078125,24056.0
2026-06-29,26417.599609375,49127.6484375,27038.5,12545.0,25227.900390625,57727.3515625,23946.25
2026-06-30,26479.80078125,48794.19921875,26299.05078125,12519.150390625,25326.400390625,57542.8984375,23865.75
2026-07-01,26783.19921875,49806.80078125,25769.80078125,12394.75,25182.69921875,58033.05078125,24005.849609375
2026-07-02,27108.19921875,50084.69921875,26965.05078125,12503.900390625,25308.900390625,58031.6484375,24175.69921875
2026-07-03,26988.099609375,50096.3984375,27439.400390625,12598.4501953125,25745.150390625,57938.5,24270.849609375
2026-07-06,27353.94921875,50196.3515625,27276.44921875,12722.4501953125,25866.25,58291.5,24430.349609375
2026-07-07,27343.5,50225.8515625,27939.150390625,12582.75,25677.69921875,58200.69921875,24398.69921875
2026-07-08,26733.400390625,48977.3984375,27555.19921875,12468.7001953125,25429.80078125,56742.6015625,23882.05078125
2026-07-09,26676.349609375,49350.1484375,27471.25,12503.2998046875,25656.25,57252.44921875,23962.80078125
2026-07-10,26860.75,49310.6015625,28010.400390625,12688.900390625,25674.099609375,58045.8984375,24206.900390625
2026-07-13,26981.5,48809.8984375,29015.849609375,12601.4501953125,25643.349609375,58131.44921875,24211.0
2026-07-14,26547.5,48524.94921875,28724.75,12677.7001953125,25907.099609375,57462.30078125,24052.05078125
2026-07-15,26645.099609375,48286.5,28532.25,12536.900390625,26003.599609375,57757.8515625,24078.5
2026-07-16,26767.55078125,48408.0,28722.599609375,12495.900390625,26008.05078125,57582.25,24072.75
2026-07-17,27099.75,48748.69921875,29226.599609375,12436.9501953125,25645.0,58521.3984375,24334.30078125
2026-07-20,,,29161.900390625,,26003.150390625,57945.0,24238.5
2026-07-21,,,28984.400390625,,26092.849609375,57835.3515625,24187.69921875
2026-07-22,,,28549.849609375,,25752.25,57126.80078125,23996.25
2026-07-23,,,28533.55078125,,25653.55078125,56592.0,23869.599609375
2026-07-24,,,28767.94921875,,25548.150390625,56693.5,23767.44921875
2026-07-27,,,29441.900390625,,25945.75,57087.19921875,23995.94921875
2026-07-28,,,30418.349609375,,25998.849609375,56755.6015625,23985.349609375
2026-07-29,,,31123.099609375,,26373.349609375,57205.8984375,24250.19921875
2026-07-30,,,31194.55078125,,26346.05078125,57147.5,24317.150390625
2026-07-31,,,30708.94921875,,26534.80078125,57264.8515625,24383.599609375
